lid,fid,location_name,lat,lng
1,406,SANDY SPRINGS GA,33.9222,-84.37957
3,411,GREENVILLE SC,34.87122,-82.37322
5,413,ATLANTA GA,33.8368,-84.31107
7,419,COLUMBIA SC,33.99896,-81.03487
9,423,HUNTSVILLE AL,34.70499,-86.58768
11,451,BILOXI MS,30.38867,-88.99587
13,457,ROSWELL GA,34.0405,-84.34282
15,473,LITHIA SPRINGS GA,33.77844,-84.6056
17,475,VIRGINIA BEACH VA,36.7996,-76.17454
19,478,ALEXANDRIA VA,38.81682,-77.14117
21,492,MATTHEWS NC,35.1399,-80.7171
23,493,CHESAPEAKE VA,36.74087,-76.24228
25,499,GRIFFIN GA,33.27169,-84.29149
27,520,HAMPTON VA,37.04432,-76.3778
29,562,BOWIE MD,38.97998,-76.73503
31,573,ROANOKE VA,37.22914,-79.96987
33,574,CHRISTIANSBURG VA,37.16448,-80.42475
35,577,NORFOLK VA,36.86763,-76.28463
37,578,ALEXANDRIA VA,38.83598,-77.05072
39,585,VIRGINIA BEACH VA,36.78768,-75.99778
41,587,HARRISONBURG VA,38.43025,-78.84716
43,595,CHARLOTTESVILLE VA,38.0862,-78.47193
45,597,WINCHESTER VA,39.15947,-78.15734
47,598,NORFOLK VA,36.86795,-76.21164
49,612,SEATTLE WA,47.61185,-122.31967
51,670,SPRINGFIELD OR,44.08339,-123.04115
53,675,PORTLAND OR,45.48683,-122.57911
55,708,GLENDALE CA,34.15498,-118.243
57,717,LOS ANGELES CA,34.06394,-118.29068
59,735,AGOURA CA,34.14516,-118.76224
61,757,SAN FERNANDO CA,34.2856,-118.44292
63,767,MONTEREY PARK CA,34.03995,-118.1423
65,788,"Bakersfield, CA",35.35432,-119.3314
67,794,PALMDALE CA,34.59493,-118.14711
69,795,TUJUNGA CA,34.2456,-118.27507
71,814,VISTA CA,33.16681,-117.21573
73,817,NATIONAL CITY CA,32.67653,-117.09137
75,820,OCEANSIDE CA,33.19259,-117.35871
77,825,LA MESA CA,32.75202,-117.01019
79,902,BUENA PARK CA,33.84746,-117.99759
81,908,FULLERTON CA,33.85974,-117.92632
83,922,COSTA MESA CA,33.68355,-117.91967
85,928,PALM SPRINGS CA,33.81609,-116.54578
87,932,RANCHO MIRAGE CA,33.80042,-116.38864
89,943,HIGHLAND CA,34.13555,-117.23095
91,944,LA QUINTA CA,33.70775,-116.2715
93,1203,EVANSTON IL,42.01981,-87.6905
95,1209,CHICAGO IL,41.95723,-87.74777
97,1229,CHICAGO IL,41.95101,-87.64994
99,1287,HOFFMAN ESTATES IL,42.06236,-88.14507
101,1289,MELROSE PARK IL,41.90772,-87.84671
103,1297,CRYSTAL LAKE IL,42.22658,-88.326159
105,1298,INDIANAPOLIS IN,39.65776,-86.14185
107,1313,RICHARDSON TX,32.93923,-96.7479
111,1337,AMARILLO TX,35.19002,-101.88464
115,1380,SAN ANTONIO TX,29.51664,-98.45039
117,1385,TYLER TX,32.30338,-95.30174
119,1388,SAN ANTONIO TX,29.36903,-98.45342
121,1411,GRAND PRAIRIE TX,32.78416,-97.05882
123,1414,HOUSTON TX,29.97855,-95.51599
125,1416,NEW BRAUNFELS TX,29.6973,-98.09891
127,1426,ADDISON TX,32.95276,-96.84922
129,1432,ARLINGTON TX,32.67803,-97.1242
131,1435,HUMBLE TX,30.0026,-95.26982
133,1440,MC KINNEY TX,33.21908,-96.63457
135,1444,HOUSTON TX,30.01989,-95.43733
137,1446,SHERMAN TX,33.66486,-96.60965
139,1455,KILLEEN TX,31.10622,-97.74548
141,1456,LEON VALLEY TX,29.48289,-98.60265
143,1457,FORT WORTH TX,32.83874,-97.29168
145,1458,LONGVIEW TX,32.54253,-94.75015
147,1461,PORT ARTHUR TX,29.9447,-93.99376
149,1462,TEXARKANA AR,33.47109,-94.03855
151,1463,LUBBOCK TX,33.52868,-101.89853
153,1466,SAN ANTONIO TX,29.60887,-98.47094
155,1468,IRVING TX,32.83313,-96.9942
157,1470,SAN ANTONIO TX,29.50989,-98.39601
159,1471,BOSSIER CITY LA,32.52803,-93.70209
161,1472,PLANO TX,33.01554,-96.79333
163,1474,LUFKIN TX,31.31264,-94.72232
165,1475,SHREVEPORT LA,32.43071,-93.71186
167,1493,ROCKWALL TX,32.89829,-96.47032
169,1494,WICHITA FALLS TX,33.85744,-98.54659
171,1497,LAKE CHARLES LA,30.19864,-93.17863
173,1504,GLENDALE AZ,33.58135,-112.20072
175,1505,PHOENIX AZ,33.46175,-112.16962
177,1509,CHANDLER AZ,33.34931,-111.85664
181,1512,MESA AZ,33.43696,-111.72014
183,1513,PHOENIX AZ,33.47524,-111.9866
185,1514,TUCSON AZ,32.25107,-110.88376
187,1515,TUCSON AZ,32.22145,-110.8234
189,1516,PHOENIX AZ,33.59934,-111.98719
191,1517,TUCSON AZ,32.25094,-110.99887
193,1518,FLAGSTAFF AZ,35.17561,-111.66786
195,1519,PHOENIX AZ,33.47544,-112.22012
197,1520,PEORIA AZ,33.63771,-112.2362
199,1522,PHOENIX AZ,33.47559,-112.07402
201,1523,"GILBERT, AZ",33.37734,-111.68828
203,1524,NOGALES AZ,31.3632,-110.94845
205,1525,TUCSON AZ,32.35982,-111.08498
207,1526,YUMA AZ,32.69802,-114.61432
209,1527,AVONDALE AZ,33.45633,-112.34042
211,1529,GILBERT AZ,33.33299,-111.79055
213,1530,TUCSON AZ,32.28247,-110.9789
215,1550,ALBUQUERQUE NM,35.11292,-106.70099
217,1552,ALBUQUERQUE NM,35.1352,-106.61113
219,1553,ALBUQUERQUE NM,35.1089,-106.56097
223,1607,LAS VEGAS NV,36.21935,-115.24493
225,1612,LAS VEGAS NV,36.1656,-115.06171
227,1616,NORTH LAS VEGAS NV,36.23988,-115.17242
229,1617,LAS VEGAS NV,36.27127,-115.26319
231,1723,VANCOUVER WA,45.65191,-122.59045
233,1724,UNION CITY CA,37.60006,-122.07005
235,1746,MERIDIAN ID,43.61918,-116.35106
237,1747,SEATAC WA,47.41879,-122.29652
239,1750,BEAVERTON OR,45.51684,-122.84079
241,1751,BOISE ID,43.56943,-116.18546
243,1752,FEDERAL WAY WA,47.29018,-122.33566
245,1771,BOISE ID,43.6117,-116.28086
247,1811,COLORADO SPRINGS CO,38.8406,-104.76693
249,1826,PUEBLO CO,38.23129,-104.66285
251,1906,SAN ANTONIO TX,29.35622,-98.53833
253,1910,HOUSTON TX,29.8289,-95.37927
255,1911,BURLESON TX,32.5613,-97.31773
257,1912,ROGERS AR,36.33455,-94.18213
259,1914,HOT SPRINGS AR,34.46114,-93.0613
261,1915,LAFAYETTE LA,30.16644,-92.06109
263,1919,FORT SMITH AR,35.35094,-94.34584
265,1920,SAN MARCOS TX,29.88542,-97.92138
267,1921,ALBUQUERQUE NM,35.17462,-106.5566
269,1922,ALBUQUERQUE NM,35.21076,-106.65534
271,1924,SELMA TX,29.5629,-98.32812
273,1930,BATON ROUGE LA,30.42081,-91.14101
275,1934,EL PASO TX,31.81989,-106.54364
277,1935,SAN ANTONIO TX,29.54985,-98.66473
279,1941,TEMPLE TX,31.0916,-97.38847
281,1947,CLEAR LAKE SHORES TX,29.54028,-95.02591
283,1950,TOMBALL TX,30.01346,-95.59195
285,1953,DENISON TX,33.76373,-96.58651
287,1955,SAN ANTONIO TX,29.41923,-98.64864
289,2004,MARSHALL TX,32.49302,-94.3596
291,2006,LAFAYETTE LA,30.29381,-92.02344
293,2027,WILLIAMSBURG VA,37.3451,-76.74022
295,2032,OLIVE BRANCH MS,34.96654,-89.85495
297,2034,BATON ROUGE LA,30.52112,-91.15309
299,2042,PORTSMOUTH VA,36.83022,-76.33967
301,2044,EVANS GA,33.54232,-82.13358
303,2060,SAN ANTONIO TX,29.48551,-98.53623
305,2065,AUGUSTA GA,33.41046,-82.02717
307,2084,ATLANTA GA,33.77333,-84.37326
309,2087,MACON GA,32.89875,-83.68857
311,2092,VIRGINIA BEACH VA,36.7722,-76.08459
313,2097,SAINT LOUIS MO,38.50518,-90.32753
315,2099,NEW YORK NY,40.80493,-73.93722
317,2100,PHOENIX AZ,33.55336,-112.10188
319,2109,LAWTON OK,34.622921,-98.444347
321,2118,WICHITA KS,37.647741,-97.334818
323,2126,LONGMONT CO,40.143918,-105.12836
325,2137,"Glen Burnie, MD",39.178129,-76.616423
327,3001,WACO TX,31.50916,-97.14348
329,3003,AMARILLO TX,35.19322,-101.81859
331,3009,LANCASTER TX,32.59805,-96.82172
333,3012,EL PASO TX,31.76015,-106.27135
335,3020,EL PASO TX,31.78079,-106.41035
337,3032,KERRVILLE TX,30.05907,-99.12656
339,3035,CHULA VISTA CA,32.6065,-117.08027
341,3038,CASA GRANDE AZ,32.8803,-111.69838
343,3039,PHOENIX AZ,33.37828,-112.03561
345,3040,INDIANAPOLIS IN,39.85492,-86.00769
347,3042,SEGUIN TX,29.60134,-97.95134
349,3048,MC DONOUGH GA,33.43263,-84.17574
351,3055,BECKLEY WV,37.79106,-81.21127
353,3057,CHARLES TOWN WV,39.30069,-77.84322
355,3058,ASHLAND KY,38.50302,-82.67902
357,3060,MORGANTOWN WV,39.650773,-79.962058
359,3066,LAFAYETTE IN,40.41702,-86.82634
361,3080,PEORIA AZ,33.56521,-112.28772
363,3081,PRESCOTT VALLEY AZ,34.58593,-112.34209
365,3082,MESA AZ,33.39379,-111.60049
367,3083,PHOENIX AZ,33.71238,-112.10478
369,3084,QUEEN CREEK AZ,33.22331,-111.686
371,3085,GILBERT AZ,33.37864,-111.75597
373,3086,MESA AZ,33.43302,-111.87085
375,3092,ALBUQUERQUE NM,35.05881,-106.62369
377,3101,ESCONDIDO CA,33.13193,-117.06435
379,3102,BOURBONNAIS IL,41.16354,-87.84722
381,3106,BOSSIER CITY LA,32.51839,-93.73999
383,3150,SAN ANTONIO TX,29.59407,-98.35231
385,3159,DENHAM SPRINGS LA,30.45816,-90.95853
387,3160,WEST MONROE LA,32.50864,-92.1599
389,3164,PERU IL,41.36334,-89.12705
391,3173,SCHERTZ TX,29.59654,-98.28181
393,3187,LILBURN GA,33.9036,-84.1135
395,3188,MILLINGTON TN,35.35821,-89.89494
397,3209,MORRIS IL,41.393,-88.42374
399,3230,LITHONIA GA,33.69981,-84.09093
401,3232,MOUNT PLEASANT TX,33.1666,-94.99799
403,3234,TUKWILA WA,47.44902,-122.26214
405,3251,PORTLAND OR,45.57362,-122.56141
407,3252,SAN ANTONIO TX,29.35438,-98.48171
409,3253,SIERRA VISTA AZ,31.53431,-110.25796
411,3258,SAN ANTONIO TX,29.49194,-98.70064
413,3265,AVON IN,39.76323,-86.34348
415,3269,SAN ANTONIO TX,29.57309,-98.4787
417,3285,OSWEGO IL,41.69718,-88.31941
419,3286,SAN ANTONIO TX,29.43618,-98.64746
421,3287,SAN ANTONIO TX,29.35224,-98.44142
423,3288,SAN ANTONIO TX,29.4811,-98.36025
425,3308,COLUMBUS IN,39.19884,-85.9518
427,3309,ALBUQUERQUE NM,35.07181,-106.52907
429,3319,SALEM VA,37.29543,-80.02815
431,3338,RIO RANCHO NM,35.23543,-106.69575
433,3350,FISHERS IN,39.92933,-86.02689
435,3355,RICHMOND VA,37.51849,-77.35103
437,3357,"NEW YORK, NY",40.73278,-73.98557
439,3371,INDIANAPOLIS IN,39.822103,-86.278158
441,3381,BROWNSBURG IN,39.85745,-86.39695
443,3387,CHANDLER AZ,33.249638,-111.839916
445,3388,TEMPE AZ,33.422882,-111.92585
447,3389,GROVE CITY OH,39.8789611,-83.057491
449,3406,YORK PA,39.931217,-76.686714
451,3418,DALLAS TX,32.686583,-96.825054
453,3428,LAS CRUCES NM,32.28249,-106.76586
455,3432,NATCHITOCHES LA,31.729574,-93.152779
457,3475,VIRGINIA BEACH VA,36.842788,-76.126956
459,3479,BOLINGBROOK IL,41.720262,-88.038267
461,3481,UPPER DARBY PA,39.958729,-75.257811
463,3484,MONROE MI,41.925265,-83.364704
465,3505,POOLER GA,32.136174,-81.250597
467,3506,MUSTANG OK,35.391222,-97.702706
469,3507,SPRING TX,30.077531,-95.516404
471,3508,GRAND PRAIRIE TX,32.644539,-97.061571
473,3509,RICHMOND TX,29.690356,-95.771264
475,3511,KATY TX,29.7845,-95.7965
477,3512,"Greensboro, NC",36.0958,-79.8181
479,3517,MERIDIAN MS,32.364796,-88.676093
481,3519,LAKEWOOD CO,39.709452,-105.082946
483,3524,ALICE TX,27.767795,-98.039085
485,3525,METAIRIE LA,30.005315,-90.19682
487,3526,SAN ANTONIO TX,29.6132,-98.5996
489,3527,NORTHRIDGE CA,34.233648,-118.552898
491,3528,TULSA OK,36.0137,-95.8846
493,3532,BARTLESVILLE OK,36.732716,-95.934279
495,3533,WOODS CROSS UT,40.863192,-111.901642
497,3536,PLEASANTON TX,28.953597,-98.494932
499,3542,ERIE PA,42.048151,-80.081013
501,3550,SCHAUMBURG IL,42.038786,-88.037685
503,3551,"Lancaster, CA",34.6747,-118.1609
505,3553,MANHATTAN NY,40.847337,-73.93767
507,3572,MANSFIELD OH,40.787172,-82.590316
509,3574,COLORADO SPRINGS CO,38.876455,-104.837179
511,3579,"Fredericksburg, VA",38.342143,-77.496057
513,3581,"Northglenn, CO",39.885779,-104.989457
515,3582,"Paramount, CA",33.8869,-118.1596
517,3586,"WYLIE, TX",33.0111,-96.5725
519,3587,"Derby, KS",37.5676,-97.2435
521,3593,"Zanesville, OH",39.9926,-82.025
523,3610,"Moreno Valley, CA",33.8884,-117.2262
525,4403,WINSTON-SALEM NC,36.0664,-80.25704
527,4406,GREENVILLE SC,34.82399,-82.29323
529,4408,RALEIGH NC,35.82103,-78.59237
531,4410,LAWRENCEVILLE GA,33.97243,-84.01784
533,4415,GREENVILLE NC,35.58032,-77.38144
535,4420,CLARKSVILLE TN,36.59017,-87.29161
537,4423,SALISBURY NC,35.65544,-80.45969
539,4424,VIRGINIA BEACH VA,36.85367,-76.02373
541,4431,CHARLOTTE NC,35.1795,-80.88411
543,4435,KINGSPORT TN,36.55114,-82.52908
545,4438,NEW BERN NC,35.10023,-77.09591
547,4440,JOHNSON CITY TN,36.34956,-82.3999
549,4444,STONE MOUNTAIN GA,33.79874,-84.222
551,4445,MONTGOMERY AL,32.38038,-86.20876
553,4449,HIRAM GA,33.88947,-84.75042
555,4451,ANTIOCH TN,36.04391,-86.6594
557,4452,NORCROSS GA,33.95255,-84.23501
559,4455,HUNTSVILLE AL,34.74401,-86.67877
561,4456,OXFORD AL,33.61436,-85.79209
563,4457,ROCKY MOUNT NC,35.96438,-77.81941
565,4460,ROME GA,34.25242,-85.16469
567,4464,MEMPHIS TN,35.17042,-89.86733
569,4470,ALEXANDRIA LA,31.26922,-92.45865
571,4477,COVINGTON LA,30.4352,-90.08465
573,4478,BATON ROUGE LA,30.38719,-91.06241
575,4480,HARVEY LA,29.88945,-90.05646
577,4481,LITHONIA GA,33.69934,-84.17225
579,4484,GULFPORT MS,30.42187,-89.09095
581,4487,HOUMA LA,29.6112,-90.75483
583,4489,MONROE LA,32.49842,-92.06984
585,4502,CHARLESTON WV,38.30666,-81.56258
587,5304,BRIDGEVIEW IL,41.74836,-87.80193
589,5306,ELGIN IL,42.0297,-88.33753
591,5308,KANSAS CITY MO,39.20951,-94.63999
593,5309,CRESTWOOD IL,41.65354,-87.73979
595,5321,OLATHE KS,38.91381,-94.76514
597,5323,LAWRENCE KS,38.92772,-95.25981
599,5336,ROCKFORD IL,42.27201,-88.98122
601,5401,FLORISSANT MO,38.79529,-90.34097
603,5402,JOPLIN MO,37.06857,-94.47769
605,5406,KENOSHA WI,42.56736,-87.89466
607,5416,MISHAWAKA IN,41.69817,-86.18302
609,5435,GRAND RAPIDS MI,43.00012,-85.59086
611,5508,AKRON OH,40.99309,-81.49176
613,5509,NORTH CANTON OH,40.87945,-81.43613
615,360138,HALLANDALE FL,25.98546,-80.16238
617,360158,MIAMI SPRINGS FL,25.80809,-80.27962
619,360168,DELRAY BEACH FL,26.45821,-80.11873
621,360180,TEMPLE TERRACE FL,28.05536,-82.36161
623,360222,PLANTATION FL,26.101712,-80.250391
625,360225,ORLANDO FL,28.5512194,-81.48243
627,360229,ORLANDO FL,28.392694,-81.466033
631,470,NASHVILLE TN,36.08003,-86.72574
633,476,MADISON TN,36.30492,-86.68775
635,477,PINEVILLE NC,35.08549,-80.88484
637,484,KENNESAW GA,34.00066,-84.59023
639,486,SEVIERVILLE TN,35.82925,-83.5746
641,489,MARIETTA GA,34.02376,-84.42486
643,491,GREENSBORO NC,36.05542,-79.89378
645,494,STATESVILLE NC,35.79109,-80.85933
647,498,BURLINGTON NC,36.0661,-79.49904
649,505,ARDMORE PA,40.00914,-75.2941
651,511,JENKINTOWN PA,40.09851,-75.12624
653,526,COCKEYSVILLE MD,39.46371,-76.63576
655,530,WILLIAMSBURG VA,37.28699,-76.72196
657,547,COLMAR MANOR MD,38.93417,-76.95185
659,559,PHILADELPHIA PA,40.03036,-75.10488
661,561,RANDALLSTOWN MD,39.36296,-76.78183
663,568,FAIRLESS HILLS PA,40.18066,-74.86751
665,569,BLUE BELL PA,40.15051,-75.30585
667,579,DANVILLE VA,36.58846,-79.43071
669,589,BRISTOL VA,36.63098,-82.12217
671,591,SUFFOLK VA,36.7487,-76.58192
673,592,HAGERSTOWN MD,39.65542,-77.75012
675,594,ROCKVILLE MD,39.07755,-77.14105
677,601,HAYWARD CA,37.68053,-122.08531
679,614,SAN RAFAEL CA,37.97404,-122.53984
681,625,SAN BRUNO CA,37.6253,-122.41388
683,628,LYNNWOOD WA,47.82058,-122.29101
687,654,FRESNO CA,36.74125,-119.77947
689,656,MARTINEZ CA,37.9935,-122.10096
691,660,SALINAS CA,36.69755,-121.66863
693,661,BEND OR,44.08419,-121.30533
695,662,TACOMA WA,47.16628,-122.50726
697,664,ISSAQUAH WA,47.5512,-122.06004
699,665,RENTON WA,47.47464,-122.2142
701,667,OLYMPIA WA,47.04675,-122.8455
703,668,TACOMA WA,47.18856,-122.46132
705,688,VALLEJO CA,38.13308,-122.21613
707,700,EVERETT WA,47.90437,-122.24364
709,705,LA MIRADA CA,33.89479,-118.0079
711,714,LAKEWOOD CA,33.85433,-118.1421
713,716,COVINA CA,34.07708,-117.88978
715,721,ARCADIA CA,34.12657,-118.05516
717,727,GRANADA HILLS CA,34.25784,-118.50146
719,743,SOUTH GATE CA,33.94348,-118.20149
721,747,UPLAND CA,34.09463,-117.65061
725,754,RIVERSIDE CA,33.97548,-117.34081
727,756,WHITTIER CA,33.97255,-118.07263
729,759,RANCHO CUCAMONGA CA,34.12308,-117.59394
731,761,BELL GARDENS CA,33.96824,-118.16522
733,763,BAKERSFIELD CA,35.38336,-119.04215
735,764,LANCASTER CA,34.70413,-118.14718
737,766,VENTURA CA,34.25749,-119.21103
739,770,NEWBURY PARK CA,34.18278,-118.9276
741,778,WEST HILLS CA,34.19344,-118.62436
743,780,CHATSWORTH CA,34.25753,-118.59323
745,785,HUNTINGTON PARK CA,33.98313,-118.22984
747,786,ANAHEIM CA,33.83905,-117.88483
749,787,LONG BEACH CA,33.79371,-118.12506
751,789,BAKERSFIELD CA,35.38442,-119.10464
753,793,LA HABRA CA,33.91755,-117.96048
755,806,SAN DIEGO CA,32.81998,-117.17541
757,813,ESCONDIDO CA,33.14363,-117.09605
759,815,SAN DIEGO CA,32.95111,-117.10691
761,816,SAN DIEGO CA,32.74965,-117.07109
763,821,SANTEE CA,32.83899,-116.98572
765,822,EL CAJON CA,32.80232,-116.93674
767,824,SAN DIEGO CA,32.7501,-117.21213
769,826,SAN MARCOS CA,33.13477,-117.19034
771,827,CHULA VISTA CA,32.64748,-116.96631
773,828,SAN DIEGO CA,32.91305,-117.14208
775,829,SAN DIEGO CA,32.77982,-117.12881
777,830,SAN DIEGO CA,32.5452,-117.04106
779,831,SAN DIEGO CA,32.79509,-117.25403
781,832,RANCHO SANTA MARGARITA CA,33.63693,-117.59907
783,833,EL CENTRO CA,32.77244,-115.55255
785,834,TEMECULA CA,33.48066,-117.09856
787,909,ANAHEIM CA,33.84392,-117.94138
789,930,CHINO CA,34.02492,-117.68904
791,931,VICTORVILLE CA,34.51951,-117.31634
793,941,RIVERSIDE CA,33.91213,-117.4619
795,945,FONTANA CA,34.10706,-117.43666
797,946,SAN CLEMENTE CA,33.45339,-117.60761
799,948,CATHEDRAL CITY CA,33.80111,-116.45865
801,950,RIVERSIDE CA,33.91599,-117.32607
803,953,PALM DESERT CA,33.72682,-116.40244
805,1202,CHICAGO IL,41.98912,-87.70472
807,1274,SKOKIE IL,42.05388,-87.74722
809,1283,SAINT LOUIS MO (Sunset Hills),38.55471,-90.41073
811,1288,BUFFALO GROVE IL,42.15454,-87.95912
813,1293,VERNON HILLS IL,42.23997,-87.94687
815,1295,ORLAND PARK IL,41.61989,-87.85406
819,1412,FORT WORTH TX,32.65072,-97.3729
821,1486,HILLSBORO TX,32.01062,-97.0941
823,1528,SURPRISE AZ,33.63909,-112.35442
825,1703,TURLOCK CA,37.50785,-120.87577
827,1705,VACAVILLE CA,38.36319,-121.96897
829,1712,CLOVIS CA,36.80807,-119.69478
831,1713,PITTSBURG CA,38.00864,-121.87127
833,1715,AUBURN WA,47.2963,-122.24461
835,1718,DUBLIN CA,37.70575,-121.90903
837,1720,NAPA CA,38.28267,-122.27477
839,1721,RENO NV,39.52583,-119.86169
841,1725,FAIRFIELD CA,38.25858,-122.03443
843,1727,FRESNO CA,36.83994,-119.78209
845,1728,SALEM OR,44.93394,-122.98355
847,1731,MANTECA CA,37.79727,-121.19973
849,1732,OLYMPIA WA,47.03517,-122.93699
851,1748,LODI CA,38.11518,-121.28773
853,1755,SEATTLE WA,47.70234,-122.34438
855,1757,MODESTO CA,37.60956,-120.96649
857,1758,VANCOUVER WA,45.59986,-122.50423
859,1759,TACOMA WA,47.24476,-122.52688
861,1762,SAN FRANCISCO CA,37.80772,-122.41273
863,1763,ANCHORAGE AK,61.18157,-149.87497
865,1766,HILLSBORO OR,45.52921,-122.95612
867,1767,DAVIS CA,38.5402,-121.73032
869,1773,BILLINGS MT,45.75572,-108.58539
871,1824,LITTLETON CO,39.61115,-105.08255
873,2000,EASLEY SC,34.82039,-82.58422
875,2008,ARDEN NC,35.45106,-82.5252
877,2011,JANESVILLE WI,42.71809,-88.98068
879,2013,PHENIX CITY AL,32.50153,-85.04905
881,2014,BALDWIN PARK CA,34.06988,-117.9797
883,2021,MENIFEE CA,33.68411,-117.2048
885,2038,LINDENHURST NY,40.69658,-73.38514
887,2062,ELIZABETH CITY NC,36.297568,-76.256893
889,2064,BROOKLYN NY,40.65022,-73.89013
891,2067,YORKTOWN VA,37.16169,-76.46329
893,2069,FAYETTEVILLE NC,35.02906,-79.05873
895,2073,OXON HILL MD,38.804567,-76.98274
897,2077,SPRING VALLEY NY,41.10528,-74.02535
899,2090,MARIETTA GA,33.94662,-84.62147
901,2091,LAPLACE LA,30.07773,-90.50088
903,2102,NEWBURGH NY,41.50351,-74.05724
905,2104,MOHEGAN LAKE NY,41.3228445,-73.8533734
907,2105,LOCUST GROVE GA,33.353516,-84.1165061
909,2110,ATHENS AL,34.784768,-86.941591
911,2120,LANSING IL,41.581424,-87.557108
913,2124,KANSAS CITY KS,39.05637,-94.612124
915,2130,HOLLY SPRINGS NC,35.634905,-78.829974
917,2132,CONEY ISLAND NY,40.575715,-73.978827
919,2133,SAN JOSE CA,37.309658,-122.0133
921,2135,ABERDEEN MD,39.525215,-76.187414
923,2136,ALAMOSA CO,37.471857,-105.886228
925,2141,Muskegon MI,43.154183,-86.20557
927,2145,"St. Louis, MO",38.59334,-90.299601
929,2148,"Columbia, MD",39.2277,-76.8156
931,2152,"Quincy, IL",39.935575,-91.362196
933,3054,SOUTH CHARLESTON WV,38.33641,-81.71327
935,3056,MORGANTOWN WV,39.64931,-79.90042
937,3061,"Marietta, OH",39.405556,-81.412157
939,3064,MICHIGAN CITY IN,41.67189,-86.89446
941,3098,ANCHORAGE AK,61.12034,-149.86514
943,3114,PHILADELPHIA PA,39.92134,-75.14514
945,3115,ELKHART IN,41.62493,-85.90738
947,3124,ASHEVILLE NC,35.5853,-82.52845
949,3132,CHICAGO IL,41.75532,-87.7383
951,3133,HONOLULU HI,21.281129,-157.828148
953,3139,HUNTERSVILLE NC,35.44271,-80.86705
955,3143,SUWANEE GA,34.04429,-84.05464
957,3144,WINSTON-SALEM NC,36.18889,-80.27601
959,3146,MILLEDGEVILLE GA,33.11945,-83.26221
961,3152,WASILLA AK,61.57478,-149.40343
963,3153,GREENSBORO NC,36.11217,-79.75439
965,3157,HILO HI,19.695294,-155.063849
967,3161,LAKE ELSINORE CA,33.69265,-117.34254
969,3165,CLIFTON PARK NY,42.86355,-73.77768
971,3175,CORALVILLE IA,41.6847,-91.60288
973,3194,BRONX NY,40.86568,-73.86268
975,3198,RONKONKOMA NY,40.82842,-73.09927
977,3200,MILWAUKEE WI,42.95965,-87.92478
979,3202,PEARL CITY HI,21.389,-157.953538
981,3203,MARYSVILLE WA,48.14663,-122.18903
983,3204,CLEMMONS NC,36.039,-80.3857
985,3205,LA MESA CA,32.74652,-116.96044
987,3214,PHILADELPHIA PA,39.94911,-75.16309
989,3215,OCEANSIDE CA,33.20858,-117.281
991,3218,SMYRNA TN,35.98017,-86.56345
993,3225,NORRIDGE IL,41.95662,-87.805
995,3226,ASHEVILLE NC,35.5615,-82.6335
997,3246,HONOLULU HI,21.284787,-157.836508
999,3263,BRONX NY,40.83708,-73.88479
1001,3271,BERNALILLO NM,35.32514,-106.56356
1003,3273,BROOKLYN NY,40.650355,-73.958112
1005,3279,HAUPPAUGE NY,40.80743,-73.24238
1007,3291,ANCHORAGE AK,61.22613,-149.74289
1009,3295,WILMINGTON DE,39.78814,-75.54555
1011,3301,FREEPORT NY,40.6561,-73.58788
1013,3305,YONKERS NY,40.98344,-73.827437
1015,3321,WEAVERVILLE NC,35.70415,-82.56537
1017,3326,NASHVILLE TN,36.13491,-86.88903
1019,3327,CHARLOTTE NC,35.17499,-80.80198
1021,3351,JACKSONVILLE NC,34.75472,-77.45997
1023,3353,BROOKLYN NY,40.7009,-73.94121
1025,3365,EDGEWATER MD,38.944532,-76.56223
1027,3367,MOORESVILLE NC,35.594872,-80.863811
1029,3368,BRONX NY,40.826483,-73.860202
1031,3370,SAN DIEGO CA,32.894319,-117.117998
1033,3383,FRANKLIN TN,35.91723,-86.82912
1035,3391,"Flagstaff, AZ",35.208181,-111.610642
1037,3407,HARRISBURG PA,40.279092,-76.821014
1039,3419,CANUTILLO TX,31.912482,-106.586788
1041,3423,CHARLOTTE NC,35.03115,-80.85238
1043,3430,MOUNT VERNON WA,48.43841,-122.34694
1045,3431,MOREHEAD CITY NC,34.7344507,-76.790505
1047,3433,WESTBURY NY,40.75556,-73.58806
1049,3444,JESSUP MD,39.168783,-76.784942
1051,3445,SIMPSONVILLE SC,34.71284,-82.255384
1053,3446,CLEMSON SC,34.817498,-82.817498
1055,3447,KNOXVILLE TN,36.077254,-83.926692
1057,3450,GALLATIN TN,36.378837,-86.463779
1059,3452,GREER SC,34.937722,-82.272969
1061,3455,NEW LENOX IL,41.512739,-87.95589
1063,3457,FONTANA CA,34.075434,-117.43536
1065,3459,INDIO CA,33.738941,-116.21658
1067,3465,BARSTOW CA,34.8507,-117.08187
1069,3468,POMONA CA,34.033215,-117.75324
1071,3471,COLONIAL HEIGHTS VA,37.255018,-77.394027
1073,3472,BOONE NC,36.378837,-86.463779
1075,3473,SAN ANTONIO TX,29.628559,-98.495729
1077,3480,BREA CA,33.913334,-117.89057
1079,3483,COVINGTON TN,35.543288,-89.664166
1081,3485,SUFFOLK VA,36.87778,-76.423335
1083,3487,RALEIGH NC,35.790083,-78.676715
1085,3488,CHARLOTTE NC,35.371057,-80.78341
1087,3503,BROOKLYN NY,40.688499,-73.983558
1091,3518,CHARLESTON SC,32.747546,-79.970216
1093,3521,MONROE NY,41.317808,-74.14434
1095,3529,WARRENSBURG MO,38.772561,-93.734177
1097,3530,CEDAR FALLS IA,42.484438,-92.44103
1099,3531,LAKE FOREST CA,33.630668,-117.71876
1101,3537,PASADENA MD,39.124215,-76.589069
1103,3539,KAILUA KONA HI,19.644267,-155.994625
1105,3540,WALTERBORO SC,32.93264,-80.69365
1107,3541,FLINT MI,42.988577,-83.739756
1109,3543,YUCCA VALLEY CA,34.1214,-116.4209
1111,3546,STOCKTON CA,37.983927,-121.344923
1113,3547,ROSEVILLE CA,38.744651,-121.266603
1115,3548,SAN DIEGO CA,33.018089,-117.074675
1117,3549,SAN DIEGO CA,32.584587,-117.092138
1119,3552,SAN JOSE CA,37.250993,-121.86703
1121,3554,ROLLA MO,37.959778,-91.770784
1123,3558,MARION IL,37.745607,-88.963193
1125,3559,CARBONDALE IL,37.7336,-89.1887
1127,3562,"Grantsville, MD",39.691533,-79.103408
1129,3564,LEVITTOWN NY,40.72477,-73.528823
1133,3568,JEFFERSON CITY MO,38.581147,-92.204323
1135,3571,"Wood Village, OR",45.528239,-122.430974
1137,3577,BETHLEHEM GA,33.942075,-83.755151
1139,3585,"Topeka, KS",39.090404,-95.669138
1141,3594,"Chester, MD",38.973127,-76.264868
1143,3597,"Peoria, AZ",33.7117,-112.2742
1145,3599,"Rosenberg, TX",29.5421,-95.7563
1147,3602,"WACO, TX",31.6053,-97.1048
1149,3603,"Tuscon, AZ",32.133133,-111.008424
1151,3606,"Streetsboro, OH",41.2534,-81.3637
1153,3607,"McMinnville, OR",45.2257,-123.1871
1155,3609,"100 West Old Country Rd, Hicksville, NY 11801",40.7635,-73.523
1157,3611,"Erie, PA",42.099049,-80.14679
1159,3612,"Salisbury, MD",38.3429,-75.6039
1161,3617,"North Augusta, SC",33.504328,-81.959593
1163,3618,"NORTHLAKE, TX",33.027749,-97.269628
1165,3625,SALT LAKE CITY UT,40.760952,-111.873106
1167,4400,WILMINGTON NC,34.24661,-77.87169
1169,4407,HIGH POINT NC,35.9845,-80.02344
1171,4414,HICKORY NC,35.70237,-81.29127
1173,4416,ANDERSON SC,34.54013,-82.66836
1175,4417,KANNAPOLIS NC,35.45032,-80.60913
1177,4418,HOMEWOOD AL,33.44715,-86.82595
1179,4425,COLUMBUS GA,32.521,-84.96178
1181,4428,DOUGLASVILLE GA,33.72451,-84.76614
1183,4429,WARNER ROBINS GA,32.61874,-83.67234
1185,4433,AUBURN AL,32.6234,-85.45054
1187,4439,PELHAM AL,33.34452,-86.79663
1189,4442,HERMITAGE TN,36.19339,-86.61642
1191,4447,BIRMINGHAM AL,33.41928,-86.68114
1193,4448,SPARTANBURG SC,34.93493,-82.0052
1195,4458,ASHEBORO NC,35.69373,-79.79504
1197,4459,DOTHAN AL,31.24386,-85.43017
1199,4463,DECATUR AL,34.56545,-87.00973
1201,4465,JACKSONVILLE NC,34.76293,-77.38211
1203,4466,FAYETTEVILLE NC,35.06484,-78.96707
1205,4472,BIRMINGHAM AL,33.53119,-86.71757
1207,4485,NEW ORLEANS LA,30.04654,-89.95886
1209,4491,SLIDELL LA,30.31649,-89.82638
1211,4492,ALPHARETTA GA,34.09362,-84.28064
1213,4493,DULUTH GA,34.06595,-84.17008
1215,4494,PIGEON FORGE TN,35.78306,-83.55183
1217,4503,BARBOURSVILLE WV,38.42256,-82.26273
1219,4505,DURHAM NC,36.02919,-78.9218
1221,4506,CHARLOTTE NC,35.14388,-80.93146
1223,4606,LARCHMONT NY,40.93423,-73.74791
1225,4613,VALLEY STREAM NY,40.65765,-73.69169
1227,4623,JAMAICA NY,40.71154,-73.79148
1229,4624,MANHASSET NY,40.79387,-73.6879
1231,4625,HARTSDALE NY,41.01813,-73.79854
1233,4628,OCEANSIDE NY,40.63851,-73.63961
1235,4635,ROSEDALE NY,40.63536,-73.7404
1237,4636,WILLISTON PARK NY,40.75597,-73.64523
1239,4637,COMMACK NY,40.84345,-73.28468
1241,4639,FLUSHING NY,40.76441,-73.80929
1243,4640,BABYLON NY,40.68627,-73.34568
1245,4645,ALBANY NY,42.71025,-73.82069
1247,4650,BRONX NY,40.88046,-73.90412
1249,4679,BAY SHORE NY,40.73913,-73.24705
1251,4688,POUGHKEEPSIE NY,41.66312,-73.92941
1253,4691,STATEN ISLAND NY,40.62436,-74.14834
1255,4695,VESTAL NY,42.09602,-75.98244
1257,4698,LAKE GROVE NY,40.86594,-73.13442
1259,4771,ROCHESTER NY,43.19709,-77.57619
1261,4772,AMHERST NY,42.99046,-78.81315
1263,4773,CHEEKTOWAGA NY,42.90642,-78.78004
1265,4774,NEW HARTFORD NY,43.08766,-75.28035
1267,4775,ROCHESTER NY,43.08758,-77.63021
1269,4777,PORT JEFFERSON STATION NY,40.92997,-73.05165
1271,4778,MIDDLETOWN NY,41.42905,-74.42508
1273,4783,NEW YORK NY,40.81528,-73.94412
1275,5311,ELLISVILLE MO,38.5924,-90.56743
1277,5403,BRIDGETON MO,38.73931,-90.40099
1279,5405,WEST MILWAUKEE WI,43.02033,-87.96927
1281,5407,MERRILLVILLE IN,41.4742,-87.31974
1283,5409,SAINT CHARLES IL,41.92236,-88.26299
1285,5413,MATTESON IL,41.50909,-87.73289
1287,5415,AURORA IL,41.78939,-88.3761
1289,5427,APPLE VALLEY MN,44.73347,-93.20662
1291,5429,BLOOMINGTON IL,40.48782,-88.94593
1293,5432,COON RAPIDS MN,45.20084,-93.35579
1295,5433,CHESTERFIELD MO,38.66883,-90.6009
1297,5439,GLENVIEW IL,42.10448,-87.81236
1299,5442,BENTON HARBOR MI,42.08211,-86.41751
1301,5444,WAUKEGAN IL,42.35007,-87.86812
1303,5445,MAPLEWOOD MN,45.02836,-93.01963
1305,5446,WAITE PARK MN,45.55015,-94.22035
1307,5452,FENTON MO,38.50628,-90.44423
1309,5454,BURNSVILLE MN,44.74705,-93.30619
1311,5458,WISCONSIN DELLS WI,43.6245,-89.78841
1313,5459,CICERO IL,41.83824,-87.74327
1315,5460,COON RAPIDS MN,45.13513,-93.26867
1317,5500,ALLENTOWN PA,40.57966,-75.47998
1319,5502,WYOMISSING PA,40.35473,-75.98074
1321,5607,WEST NYACK NY,41.09897,-73.95505
1323,5633,"Greeneville, TN",36.32568,-82.835546
1325,6000,S New Braunfels Ave,29.378651,-98.457282
1327,6001,SAN ANTONIO TX,29.65074,-98.44848
1329,360173,PANAMA CITY FL,30.18992,-85.6411
1331,360192,DADE CITY FL,28.34886,-82.18701
1333,360197,PLANT CITY FL,28.00764,-82.12171
1335,360209,BOCA RATON FL,26.36684,-80.20518
1337,360227,PINELLAS PARK FL,27.83952,-82.697436
1339,360228,PANAMA CITY BEACH FL,30.227514,-85.879612
1341,360230,"Royal Palm Beach, FL",26.685385,-80.200936
1343,360231,DAVENPORT FL,28.313515,-81.668871
1345,360234,"South Riverview, FL",27.8937649,-82.3118771
1347,5,W Sunset Blvd,34.097735,-118.341828
1349,409,NORCROSS GA,33.89604,-84.19779
1351,426,MARIETTA GA,33.94745,-84.51829
1353,428,KNOXVILLE TN,35.9305,-84.02656
1355,431,MOBILE AL,30.67652,-88.14462
1357,434,ATHENS GA,33.94634,-83.40303
1359,435,TUCKER GA,33.84764,-84.24374
1361,459,UNION CITY GA,33.56941,-84.53784
1363,471,FAIRFAX VA,38.86746,-77.27206
1365,480,STOCKBRIDGE GA,33.55329,-84.27113
1367,481,RIVERDALE GA,33.54872,-84.4138
1369,483,DULUTH GA,33.96024,-84.135
1371,485,NEWNAN GA,33.39725,-84.75705
1373,488,WOODSTOCK GA,34.0858,-84.54019
1375,497,SMYRNA GA,33.89257,-84.47849
1377,504,ARLINGTON VA,38.88209,-77.11008
1379,521,MARLOW HEIGHTS MD,38.82938,-76.94195
1381,563,GAITHERSBURG MD,39.14433,-77.20254
1383,564,MANASSAS VA,38.76422,-77.45754
1385,572,CHANTILLY VA,38.89271,-77.42524
1387,575,"CHESAPEAKE, VA",36.82753,-76.4095
1389,588,WOODBRIDGE VA,38.6539,-77.30607
1391,596,FLORENCE SC,34.18999,-79.83338
1393,608,SAN JOSE CA,37.34809,-121.89908
1395,636,MODESTO CA,37.66701,-121.03041
1397,638,BELLEVUE WA,47.62717,-122.14363
1399,648,SOUTH SAN FRANCISCO CA,37.64536,-122.4057
1401,653,STOCKTON CA,38.02052,-121.29181
1403,684,REDWOOD CITY CA,37.49539,-122.23493
1405,718,ENCINO CA,34.15544,-118.47471
1407,728,BURBANK CA,34.18671,-118.31717
1409,733,LOS ANGELES CA,34.09035,-118.3753
1411,741,PASADENA CA,34.13055,-118.14709
1413,742,ALHAMBRA CA,34.08627,-118.15217
1415,744,LOS ANGELES CA,34.08339,-118.22333
1417,748,TARZANA CA,34.17238,-118.54896
1419,760,MORENO VALLEY CA,33.94206,-117.24002
1421,779,MURRIETA CA,33.55411,-117.195
1423,782,LOS ANGELES CA,33.95968,-118.39589
1425,790,ROSEMEAD CA,34.07387,-118.07225
1427,796,LOS ANGELES CA,34.06257,-118.35157
1429,797,LOS ANGELES CA,34.04707,-118.26011
1431,916,SANTA ANA CA,33.76012,-117.85704
1433,924,SAN BERNARDINO CA,34.06564,-117.28228
1435,929,IRVINE CA,33.67852,-117.85951
1437,933,ANAHEIM CA,33.80918,-117.91479
1439,936,PERRIS CA,33.80211,-117.23005
1441,937,SAN BERNARDINO CA,34.16466,-117.33212
1443,939,NORWALK CA,33.91634,-118.073
1445,940,REDLANDS CA,34.06506,-117.20971
1447,947,ONTARIO CA,34.06963,-117.55502
1449,955,SANTA ANA CA,33.72631,-117.84183
1451,1230,CHICAGO IL,41.93231,-87.69826
1453,1245,FORT WAYNE IN,41.11886,-85.13587
1455,1294,MC HENRY IL,42.34657,-88.28047
1457,1300,AURORA IL,41.74785,-88.20665
1459,1330,LUBBOCK TX,33.57853,-101.8703
1461,1333,DALLAS TX,32.82185,-96.8573
1463,1336,HOUSTON TX,29.73761,-95.4784
1465,1359,AUSTIN TX,30.32056,-97.70986
1469,1372,BEAUMONT TX,30.06874,-94.13314
1471,1374,MC ALLEN TX,26.18723,-98.23316
1473,1375,COLLEGE STATION TX,30.62274,-96.34144
1475,1394,WHITE SETTLEMENT TX,32.73931,-97.45139
1477,1404,GARLAND TX,32.85733,-96.64783
1481,1409,CARROLLTON TX,32.98452,-96.91086
1483,1413,PLANO TX,33.01411,-96.70935
1485,1415,SAN ANTONIO TX,29.46184,-98.46592
1487,1417,HOUSTON TX,29.78385,-95.58107
1489,1419,STAFFORD TX,29.63496,-95.58474
1491,1420,HOUSTON TX,29.94946,-95.41507
1493,1421,AUSTIN TX,30.26103,-97.73732
1495,1422,PASADENA TX,29.66546,-95.18827
1497,1424,ABILENE TX,32.40587,-99.76609
1499,1425,FORT WORTH TX,32.75906,-97.16804
1501,1427,ARLINGTON TX,32.67224,-97.19977
1505,1430,WEBSTER TX,29.54488,-95.10889
1507,1431,HOUSTON TX,29.70647,-95.64348
1509,1433,FORT WORTH TX,32.80568,-97.42668
1511,1434,HOUSTON TX,29.68848,-95.45802
1513,1436,HOUSTON TX,29.73306,-95.55862
1515,1437,SPRING TX,30.13351,-95.44552
1517,1438,LEWISVILLE TX,33.00692,-96.97465
1519,1439,AUSTIN TX,30.41659,-97.74727
1521,1441,ODESSA TX,31.8833,-102.33127
1523,1442,HOUSTON TX,29.78223,-95.71768
1525,1443,LAS CRUCES NM,32.35178,-106.76422
1527,1445,Wesley St,33.0977454,-96.1108118
1529,1448,HOUSTON TX,29.72993,-95.41684
1531,1449,HOUSTON TX,29.91567,-95.61682
1533,1450,CEDAR HILL TX,32.59738,-96.93974
1535,1451,LAKE JACKSON TX,29.04107,-95.45481
1537,1452,VICTORIA TX,28.86436,-96.99891
1539,1453,CONROE TX,30.28521,-95.46179
1541,1454,DALLAS TX,32.86034,-96.8897
1543,1459,HOUSTON TX,29.77133,-95.18565
1545,1460,MIDLAND TX,32.03618,-102.11716
1547,1464,CORPUS CHRISTI TX,27.71205,-97.37682
1549,1467,ROUND ROCK TX,30.52919,-97.69168
1551,1469,HOUSTON TX,29.61337,-95.21877
1553,1473,BAYTOWN TX,29.77845,-94.97819
1555,1477,AUSTIN TX,30.46766,-97.79532
1557,1478,HOUSTON TX,29.77658,-95.4273
1559,1479,SAN ANTONIO TX,29.56201,-98.59175
1561,1480,HOUSTON TX,29.70131,-95.29662
1563,1482,SAN ANGELO TX,31.41945,-100.48515
1565,1483,SUGAR LAND TX,29.59186,-95.63231
1567,1484,OKLAHOMA CITY OK,35.60822,-97.56226
1569,1485,NORMAN OK,35.20784,-97.4825
1571,1487,AUSTIN TX,30.43376,-97.67066
1573,1488,TULSA OK,36.11801,-95.88708
1575,1490,OKLAHOMA CITY OK,35.45888,-97.60171
1577,1492,BROWNSVILLE TX,25.95744,-97.5057
1579,1495,TULSA OK,36.05985,-95.9574
1581,1496,TULSA OK,36.06045,-95.85379
1583,1498,SOUTHLAKE TX,32.93647,-97.09969
1585,1499,LEWISVILLE TX,33.04686,-97.00776
1587,1508,PHOENIX AZ,33.3204,-111.9753
1589,1521,SCOTTSDALE AZ,33.57562,-111.88642
1591,1551,SANTA FE NM,35.64965,-106.0016
1593,1555,ROSWELL NM,33.42107,-104.52341
1595,1606,LAS VEGAS NV,36.12323,-115.24355
1597,1608,LAS VEGAS NV,36.15406,-115.20749
1599,1609,LAS VEGAS NV,36.12065,-115.13717
1601,1610,LAS VEGAS NV,36.11563,-115.06841
1603,1611,LAS VEGAS NV,36.10048,-115.10385
1605,1614,HENDERSON NV,36.02804,-115.11727
1607,1615,HENDERSON NV,36.0567,-115.0385
1609,1619,LAS VEGAS NV,36.09514,-115.29689
1611,1704,SANTA CLARA CA,37.39161,-121.97695
1613,1709,DALY CITY CA,37.69344,-122.4716
1615,1714,RICHMOND CA,37.98438,-122.31931
1617,1717,SACRAMENTO CA,38.63783,-121.47686
1619,1730,OREM UT,40.27493,-111.71565
1621,1738,OGDEN UT,41.24415,-111.97607
1623,1741,LAYTON UT,41.07372,-111.97833
1625,1742,MURRAY UT,40.6566,-111.88779
1627,1749,YUBA CITY CA,39.12658,-121.63523
1629,1774,SALT LAKE CITY UT,40.72516,-111.90006
1631,1775,AMERICAN FORK UT,40.38681,-111.82244
1633,1815,DENVER CO,39.65462,-105.05274
1635,1818,GREENWOOD VILLAGE CO,39.58886,-104.88059
1637,1820,COLORADO SPRINGS CO,38.94817,-104.8026
1639,1821,AURORA CO,39.6962,-104.83267
1641,1822,PUEBLO CO,38.32098,-104.61666
1643,1827,COLORADO SPRINGS CO,38.79854,-104.81799
1645,1830,WESTMINSTER CO,39.91357,-105.04742
1647,1832,ENGLEWOOD CO,39.65461,-104.99608
1649,1836,BOULDER CO,40.01624,-105.25887
1651,1838,AURORA CO,39.61185,-104.81093
1653,1840,DENVER CO,39.76915,-104.90099
1655,1841,FARGO ND,46.85371,-96.86244
1657,1900,BEAUMONT TX,30.12487,-94.15529
1659,1902,MC ALLEN TX,26.24276,-98.22379
1661,1903,OKLAHOMA CITY OK,35.39127,-97.51295
1663,1904,HOUSTON TX,29.68661,-95.5308
1665,1907,OKLAHOMA CITY OK,35.56294,-97.65082
1667,1908,STILLWATER OK,36.12912,-97.0583
1669,1909,NACOGDOCHES TX,31.64309,-94.65451
1671,1913,ENID OK,36.39025,-97.92934
1673,1916,MIDWEST CITY OK,35.45097,-97.4065
1675,1917,OKLAHOMA CITY OK,35.52383,-97.53544
1677,1918,SHAWNEE OK,35.3831,-96.92655
1679,1923,HARLINGEN TX,26.18127,-97.71899
1681,1925,WEATHERFORD TX,32.73172,-97.79058
1683,1926,EDMOND OK,35.65238,-97.46351
1685,1927,PEARLAND TX,29.55596,-95.26241
1687,1928,FORT WORTH TX,32.72623,-97.3618
1689,1929,THE COLONY TX,33.06772,-96.88688
1691,1931,GRAND PRAIRIE TX,32.67413,-97.0095
1693,1932,LAREDO TX,27.57036,-99.50187
1695,1939,IRVING TX,32.91709,-96.95995
1697,1940,MANSFIELD TX,32.59526,-97.1473
1699,1942,FRISCO TX,33.09944,-96.80457
1701,1945,PORTER TX,30.10333,-95.23782
1703,1946,HURST TX,32.86093,-97.18558
1705,1949,PEARLAND TX,29.55299,-95.38661
1707,1951,HOUSTON TX,29.8583,-95.64558
1709,1952,HUMBLE TX,29.99873,-95.1672
1711,1954,GAINESVILLE TX,33.62768,-97.1526
1713,1956,LA MARQUE TX,29.4033,-95.03517
1715,1957,MOORE OK,35.31521,-97.49088
1717,2001,LA GRANGE GA,33.04297,-84.97689
1719,2002,AIKEN SC,33.51048,-81.71325
1721,2003,HAMMOND LA,30.484,-90.45859
1723,2007,CLEVELAND TN,35.20974,-84.85493
1725,2009,GAINESVILLE VA,38.79571,-77.61053
1727,2018,ANAHEIM CA,33.80251,-117.91491
1729,2023,KANSAS CITY KS,39.12738,-94.82083
1731,2025,MANASSAS VA,38.77312,-77.50497
1733,2028,OKLAHOMA CITY OK,35.46549,-97.50588
1735,2039,OKLAHOMA CITY OK,35.59436,-97.43067
1737,2040,GERMANTOWN MD,39.18302,-77.25983
1739,2045,HAYS KS,38.89824,-99.31522
1741,2048,PLAINVIEW TX,34.18655,-101.75085
1743,2049,MIDLAND TX,31.97466,-102.06761
1745,2050,MORROW GA,33.57877,-84.34191
1747,2061,ATLANTA GA,33.5886,-84.47105
1749,2070,GARDEN CITY KS,37.98105,-100.84096
1751,2076,DENVER CO,39.6877,-104.94131
1753,2078,BELTON MO,38.81116,-94.50437
1755,2101,LIMON CO,39.27512,-103.7088
1757,2111,FOUNTAIN CO,38.73823,-104.7329
1759,3000,AUSTIN TX,30.16793,-97.78415
1761,3006,ALLEN TX,33.10686,-96.6767
1763,3007,FORT WORTH TX,32.9573,-97.30884
1765,3010,DALLAS TX,32.76789,-96.89697
1767,3014,GARLAND TX,32.96295,-96.63989
1769,3017,FRISCO TX,33.15685,-96.84108
1771,3018,EULESS TX,32.87641,-97.09802
1773,3021,PASADENA TX,29.65511,-95.15725
1775,3023,MESQUITE TX,32.83876,-96.60065
1777,3024,BRYAN TX,30.6695,-96.3344
1779,3025,CEDAR PARK TX,30.52309,-97.82127
1781,3026,ARLINGTON TX,32.76051,-97.09181
1783,3027,DALLAS TX,32.85939,-96.76953
1785,3028,HARKER HEIGHTS TX,31.07264,-97.67548
1787,3030,KYLE TX,30.0109943,-97.8627714
1789,3031,WEST VALLEY CITY UT,40.70341,-112.02552
1791,3034,NAMPA ID,43.60247,-116.59805
1793,3050,ARDMORE OK,34.20138,-97.16188
1795,3052,CLOVIS NM,34.41897,-103.19543
1797,3059,BRIDGEPORT WV,39.3332,-80.23514
1799,3065,DEL RIO TX,29.3895,-100.90466
1801,3070,SUMTER SC,33.9588,-80.39466
1803,3071,CORPUS CHRISTI TX,27.7371,-97.4338
1805,3072,HOBBS NM,32.73901,-103.15908
1807,3074,EL SEGUNDO CA,33.92621,-118.39651
1809,3079,ORANGEBURG SC,33.52311,-80.88591
1811,3087,ANDERSON IN,40.06142,-85.65343
1813,3088,MORRISTOWN TN,36.21558,-83.25704
1815,3089,CARROLLTON GA,33.54574,-85.07436
1817,3095,MARINA DEL REY CA,33.98884,-118.44597
1819,3096,SOUTH LAS VEGAS NV,36.05373,-115.17167
1821,3103,SALINA KS,38.87765,-97.61494
1823,3108,WESLACO TX,26.17196,-98.01178
1825,3112,KENNER LA,30.01798,-90.23907
1827,3113,GREENWOOD SC,34.20781,-82.1877
1829,3117,CENTREVILLE VA,38.83839,-77.42776
1831,3118,KOKOMO IN,40.43377,-86.1279
1833,3123,SPRINGFIELD IL,39.768,-89.60818
1835,3127,SILVER SPRING MD,39.0563,-76.96645
1837,3131,BROKEN ARROW OK,36.06313,-95.76783
1839,3134,LEXINGTON KY,38.02196,-84.45449
1841,3135,CLARKSVILLE IN,38.32776,-85.76078
1843,3140,PADUCAH KY,37.0742,-88.68384
1845,3141,N. CHARLESTON SC,32.87528,-80.02006
1847,3142,LAWRENCEVILLE GA,33.90587,-84.00418
1849,3154,KNOXVILLE TN,35.90648,-83.83625
1851,3155,CARTERSVILLE GA,34.1746,-84.77759
1853,3158,DOWNEY CA,33.94121,-118.13882
1855,3166,MOUNT PLEASANT MI,43.61221,-84.7432
1857,3168,MANHATTAN KS,39.19032,-96.55939
1859,3182,FORT WAYNE IN,41.05237,-85.22955
1861,3184,LEXINGTON SC,33.99394,-81.22426
1863,3189,CULPEPER VA,38.48428,-77.96847
1865,3190,MANASSAS VA,38.67936,-77.36434
1867,3196,COLORADO SPRINGS CO,38.91061,-104.7214
1869,3201,OWASSO OK,36.28636,-95.84773
1871,3210,GRETNA LA,29.92497,-90.03974
1873,3212,RICHMOND IN,39.83244,-84.81927
1875,3213,KINGSVILLE TX,27.49231,-97.84525
1877,3220,EDINBURG TX,26.30498,-98.19116
1879,3222,DEARBORN HEIGHTS MI,42.32724,-83.27442
1881,3223,PITTSBURGH PA,40.45655,-80.16927
1883,3227,MISSION TX,26.20402,-98.28661
1885,3228,MUSKOGEE OK,35.76565,-95.40189
1887,3235,OKLAHOMA CITY OK,35.46569,-97.72257
1889,3236,UNIONTOWN PA,39.91463,-79.75383
1891,3238,PITTSBURGH PA,40.41498,-79.92348
1893,3241,ELLIJAY GA,34.65527,-84.49276
1895,3254,CHILLICOTHE OH,39.34537,-82.97788
1897,3257,NEW ORLEANS LA,29.95445,-90.07052
1899,3259,BEAUFORT SC,32.42843,-80.72567
1901,3264,SAVANNAH GA,32.04466,-81.07121
1903,3267,ST. JOSEPH MO,39.80401,-94.81567
1905,3277,OAK RIDGE TN,36.00712,-84.25571
1907,3282,SAPULPA OK,35.98733,-96.01588
1909,3289,DUMFRIES VA,38.58182,-77.33089
1911,3292,CORDOVA TN,35.15573,-89.79492
1913,3293,CANTON GA,34.23695,-84.46278
1915,3296,JACKSON MS,32.38063,-90.1483
1917,3299,LANCASTER OH,39.73388,-82.62674
1919,3306,SACRAMENTO CA,38.5965,-121.4178
1921,3313,MARION IN,40.5331,-85.67422
1923,3317,MYRTLE BEACH SC,33.75234,-78.96355
1925,3320,BLUFFTON SC,32.2693,-80.86157
1927,3322,GRAND FORKS ND,47.88886,-97.08538
1929,3324,LOUISVILLE KY,38.22488,-85.5775
1931,3325,SAND SPRINGS OK,36.13529,-96.11458
1933,3330,ALAMOGORDO NM,32.87703,-105.96006
1935,3332,WASHINGTON DC,38.92882,-77.03363
1937,3336,NORMAN OK,35.23063,-97.42304
1939,3337,REYNOLDSBURG OH,39.93607,-82.78761
1941,3339,OXFORD MS,34.3622,-89.56097
1943,3341,STERLING HEIGHTS MI,42.62324,-82.99162
1945,3344,CATOOSA OK,36.1677,-95.75943
1947,3345,KANSAS CITY MO,39.04652,-94.44714
1949,3360,COLUMBUS OH,40.11013,-83.08824
1951,3361,COLUMBUS OH,39.98161,-83.15266
1953,3363,SAGINAW MI,43.479087,-83.960882
1955,3374,CHAMBLEE GA,33.8991,-84.30189
1957,3376,BURKE VA,38.776875,-77.265855
1959,3378,SACRAMENTO CA,38.63982,-121.406
1961,3380,CHATTANOOGA TN,35.01194,-85.21266
1963,3402,GREENSBURG PA,40.30199,-79.49525
1965,3403,PITTSBURGH PA,40.56533,-80.02802
1967,3404,STATE COLLEGE PA,40.785657,-77.834786
1969,3405,LANCASTER PA,40.02666,-76.210147
1971,3410,DALLAS TX,32.9093999,-96.882617
1973,3413,EL PASO TX,31.869313,-106.43893
1975,3414,TYLER TX,32.349611,-95.343842
1977,3415,PFLUGERVILLE TX,30.467374,-97.595929
1979,3416,CLEBURNE TX,32.384261,-97.390893
1981,3420,WILMINGTON NC,34.13502,-77.89556
1983,3429,MARRERO LA,29.874471,-90.100269
1985,3435,SAVANNAH GA,32.005713,-81.27924
1987,3437,WESTERVILLE OH,40.14765,-82.92492
1989,3438,LORTON VA,38.703441,-77.208583
1991,3441,KENNER LA,29.98256,-90.2603
1993,3442,COVINGTON GA,33.60975,-83.82732
1995,3448,ARTESIA NM,32.842079,-104.39714
1997,3449,NOVI MI,42.480389,-83.474669
1999,3451,MADISON AL,34.748045,-86.773961
2001,3456,FRONT ROYAL VA,38.996155,-78.192105
2003,3461,EDINBURG TX,26.261497,-98.165335
2005,3462,PHARR TX,26.17765,-98.186502
2007,3464,HEATH OH,40.034707,-82.433869
2009,3467,DURANT OK,34.006121,-96.401399
2011,3470,LOS LUNAS NM,34.814784,-106.75189
2013,3478,NEWPORT KY,39.092336,-84.479868
2015,3500,COLORADO SPRINGS CO,38.870901,-104.71663
2017,3588,"Hillside, IL",41.8666,-87.8832
2019,4401,DALTON GA,34.76055,-84.99544
2021,4402,CONYERS GA,33.65451,-84.00181
2023,4404,MEMPHIS TN,35.07538,-89.90577
2025,4411,FREDERICKSBURG VA,38.29701,-77.50929
2027,4412,MARYVILLE TN,35.75295,-83.99588
2029,4413,MURFREESBORO TN,35.84726,-86.42184
2031,4422,SOUTHAVEN MS,34.96206,-89.99615
2033,4427,MEMPHIS TN,35.2023,-89.79391
2035,4432,TUSCALOOSA AL,33.16573,-87.5477
2037,4437,HAPEVILLE GA,33.65371,-84.39738
2039,4441,JACKSON TN,35.67192,-88.85415
2041,4443,KNOXVILLE TN,36.01006,-83.97435
2043,4454,SMYRNA GA,33.82987,-84.49178
2045,4462,MEMPHIS TN,35.04752,-89.82977
2047,4467,MOUNT PLEASANT SC,32.82783,-79.83552
2049,4474,JACKSON MS,32.29112,-90.26779
2051,4476,KNOXVILLE TN,35.90265,-84.1412
2055,4483,AUSTELL GA,33.85442,-84.60902
2057,4486,HIXSON TN,35.12201,-85.2395
2059,4501,STAFFORD VA,38.47525,-77.41765
2061,4508,WARRENTON VA,38.73318,-77.77177
2063,5305,OVERLAND PARK KS,38.91332,-94.66642
2065,5307,EAST LANSING MI,42.72689,-84.4549
2067,5312,ROSEVILLE MI,42.52611,-82.90956
2069,5318,TOPEKA KS,39.03475,-95.76244
2071,5319,WICHITA KS,37.67592,-97.4263
2073,5320,WICHITA KS,37.74697,-97.24506
2075,5325,OMAHA NE,41.23356,-96.10884
2077,5326,LINCOLN NE,40.85671,-96.68255
2079,5327,LA VISTA NE,41.18868,-96.0423
2081,5329,DES MOINES IA,41.5394,-93.59632
2083,5330,SHAWNEE KS,39.00899,-94.76428
2085,5331,BELLEVUE NE,41.15835,-95.93584
2087,5332,LEES SUMMIT MO,38.92301,-94.36103
2089,5333,SALINA KS,38.80091,-97.61201
2091,5334,KANSAS CITY MO,39.17436,-94.53457
2093,5335,GRANDVIEW MO,38.90414,-94.52505
2095,5337,RACINE WI,42.6976,-87.84942
2097,5338,OMAHA NE,41.30197,-96.02323
2099,5339,SPRINGFIELD MO,37.14448,-93.25426
2101,5400,INDEPENDENCE MO,39.03836,-94.34395
2103,5404,EVANSVILLE IN,37.98183,-87.4735
2105,5408,TERRE HAUTE IN,39.43533,-87.41402
2107,5411,ADDISON IL,41.94853,-88.02802
2109,5414,WATERLOO IA,42.46538,-92.32272
2111,5417,GRANDVILLE MI,42.87998,-85.76305
2113,5418,GRAND RAPIDS MI,42.91321,-85.54273
2115,5419,HOLLAND MI,42.82482,-86.09433
2117,5423,COLUMBIA MO,38.95045,-92.29421
2119,5424,SIOUX CITY IA,42.49012,-96.40061
2121,5436,SPRINGFIELD MO,37.24621,-93.31131
2123,5437,BLOOMINGTON MN,44.85137,-93.24029
2125,5443,COMSTOCK PARK MI,43.03277,-85.68901
2127,5447,MUNCIE IN,40.21951,-85.43019
2129,5448,WICHITA KS,37.67861,-97.2004
2131,5451,HUTCHINSON KS,38.07078,-97.89498
2133,5456,TOLEDO OH,41.69248,-83.6451
2135,5457,BRANSON MO,36.65113,-93.29056
2137,5461,HOLLAND OH,41.61195,-83.69772
2139,5463,ROSEMONT IL,42.00867,-87.88706
2141,5465,FORT WAYNE IN,41.13193,-85.15925
2143,5503,MASSILLON OH,40.76737,-81.52132
2145,5515,CINCINNATI OH,39.164,-84.42543
2147,5611,PRIMM NV,35.609273,-115.39208
2149,360001,NORTH MIAMI BEACH FL,25.92591,-80.17783
2151,360008,HOLLYWOOD FL,26.01072,-80.16298
2153,360011,MIAMI BEACH FL,25.85485,-80.12069
2155,360014,TAMPA FL,27.93555,-82.50543
2157,360015,TAMPA FL,28.03218,-82.42043
2159,360019,NORTH PALM BEACH FL,26.80811,-80.05546
2161,360022,DANIA BEACH FL,26.04861,-80.14334
2163,360030,MIAMI FL,25.77481,-80.26352
2165,360032,DEERFIELD BEACH FL,26.31078,-80.09144
2167,360041,SUNRISE FL,26.15448,-80.2568
2169,360045,KISSIMMEE FL,28.30482,-81.42218
2171,360049,COCOA FL,28.36032,-80.79111
2173,360052,LAKELAND FL,28.00102,-81.95738
2175,360063,TAMARAC FL,26.19994,-80.25274
2177,360064,ORLANDO FL,28.55346,-81.3689
2179,360072,PEMBROKE PINES FL,26.02981,-80.24824
2181,360074,ORLANDO FL,28.46272,-81.46292
2183,360075,LAKE WORTH FL,26.61803,-80.11427
2185,360078,MIAMI FL,25.7327,-80.31414
2187,360079,FT. LAUDERDALE FL,26.1656,-80.1876
2189,360082,DELAND FL,29.04991,-81.30387
2191,360084,MARGATE FL,26.27184,-80.23231
2193,360087,MIRAMAR FL,25.98114,-80.24652
2195,360088,VERO BEACH FL,27.63554,-80.38888
2197,360092,GAINESVILLE FL,29.61924,-82.33967
2199,360093,ORLANDO FL,28.45171,-81.4704
2201,360094,POMPANO BEACH FL,26.27529,-80.13545
2203,360096,BRADENTON FL,27.44426,-82.57504
2205,360101,KISSIMMEE FL,28.33355,-81.52556
2207,360102,MIAMI FL,25.70136,-80.34978
2209,360103,KISSIMMEE FL,28.33455,-81.58909
2211,360105,JACKSONVILLE FL,30.24764,-81.78002
2213,360106,JACKSONVILLE FL,30.22028,-81.58258
2215,360107,ORANGE PARK FL,30.16894,-81.74689
2217,360111,JACKSONVILLE FL,30.31467,-81.56158
2219,360114,ORLANDO FL,28.38498,-81.50661
2221,360117,LAKELAND FL,28.08672,-81.97133
2223,360121,ORLANDO FL,28.4271091,-81.469546
2227,360135,JUPITER FL,26.93491,-80.13816
2229,360136,WINTER HAVEN FL,28.0039,-81.70123
2231,360143,MIAMI FL,25.94141,-80.32071
2233,360144,VALDOSTA GA,30.81997,-83.31214
2235,360147,FORT MYERS FL,26.55554,-81.87126
2237,360154,NEW PORT RICHEY FL,28.22827,-82.73109
2239,360155,FT. LAUDERDALE FL,26.13961,-80.12058
2241,360156,ORLANDO FL,28.48634,-81.45809
2243,360157,WEST PALM BEACH FL,26.69116,-80.07237
2245,360163,MIAMI FL,25.65949,-80.32604
2247,360167,TAMPA FL,28.04984,-82.50326
2249,360170,TAMPA FL,27.95926,-82.52627
2251,360174,BRANDON FL,27.93828,-82.26339
2253,360176,GREEN ACRES FL,26.65081,-80.14768
2255,360183,TITUSVILLE FL,28.55009,-80.85414
2257,360184,MIRAMAR FL,25.97827,-80.29653
2259,360185,PORT SAINT LUCIE FL,27.31674,-80.38385
2261,360189,ST. PETERSBURG FL,27.72988,-82.67978
2263,360190,LARGO FL,27.89394,-82.74629
2265,360191,VERO BEACH FL,27.63984,-80.50861
2267,360193,NAPLES FL,26.1386,-81.78145
2269,360195,TALLAHASSEE FL,30.47031,-84.28808
2271,360199,TALLAHASSEE FL,30.42741,-84.23454
2273,360202,PORT CHARLOTTE FL,27.00719,-82.13503
2275,360204,SARASOTA FL,27.29659,-82.53105
2277,360205,CLERMONT FL,28.53304,-81.73466
2279,360206,NAPLES FL,26.2111,-81.74244
2281,360207,TRINITY FL,28.19309,-82.63703
2283,360208,HIALEAH FL,25.8678,-80.3169
2285,360211,ORLANDO FL,28.59809,-81.21868
2287,360214,BOYNTON BEACH FL,26.54435,-80.09087
2289,360215,HIALEAH FL,25.89514,-80.35153
2291,360218,TAMPA FL,28.088451,-82.456046
2293,360219,BRADENTON FL,27.49231,-82.48174
2295,360221,DAYTONA BEACH FL,29.196312,-81.068557
2297,360223,PEMBROKE PINES FL,26.027025,-80.3158
2299,2,Vesper Ave,34.226244,-118.450392
2301,460,FAYETTEVILLE GA,33.46301,-84.44949
2303,472,LILBURN GA,33.8354,-84.07566
2305,479,COLUMBIA SC,34.07903,-80.94291
2307,487,NEWPORT NEWS VA,37.08209,-76.48037
2309,490,CALHOUN GA,34.47283,-84.92144
2311,495,COLUMBIA SC,34.0459,-81.11601
2313,500,MYRTLE BEACH SC,33.67734,-78.90204
2315,528,PHILADELPHIA PA,40.09962,-75.01003
2317,548,LEXINGTON PARK MD,38.27042,-76.46047
2319,549,WALDORF MD,38.65086,-76.88229
2321,551,LAUREL MD,39.09644,-76.85087
2323,556,TOWSON MD,39.38401,-76.57792
2325,557,DUNDALK MD,39.27364,-76.50246
2327,566,ALEXANDRIA VA,38.74981,-77.08406
2329,567,GLEN ALLEN VA,37.64321,-77.56542
2331,570,FALLS CHURCH VA,38.86931,-77.1738
2333,571,RICHMOND VA,37.4994,-77.53906
2335,576,SALISBURY MD,38.41913,-75.56577
2337,581,LYNCHBURG VA,37.37511,-79.18679
2339,582,FORESTVILLE MD,38.84737,-76.88473
2341,583,COLLEGE PARK MD,39.01419,-76.92827
2343,584,MECHANICSVILLE VA,37.60992,-77.3558
2345,590,MIDLOTHIAN VA,37.42909,-77.6238
2347,593,ROANOKE VA,37.3026,-79.9572
2349,599,NORTH MYRTLE BEACH SC,33.83401,-78.67204
2351,627,SOUTH LAKE TAHOE CA,38.94966,-119.95444
2353,630,RENO NV,39.50642,-119.80323
2355,646,SPOKANE WA,47.69677,-117.41154
2357,649,SACRAMENTO CA,38.49566,-121.44992
2359,655,CONCORD CA,37.96263,-121.98535
2361,687,NEWARK CA,37.55278,-122.04767
2363,689,PETALUMA CA,38.27627,-122.6687
2365,690,SANTA ROSA CA,38.45337,-122.77007
2367,692,MERCED CA,37.31967,-120.47565
2369,696,SANTA ROSA CA,38.44987,-122.68946
2371,697,NOVATO CA,38.09027,-122.55552
2373,698,FOLSOM CA,38.66936,-121.15502
2375,712,LOS ANGELES CA,34.02848,-118.42902
2377,746,OXNARD CA,34.21978,-119.17766
2379,751,SANTA BARBARA CA,34.44335,-119.78812
2381,753,SAUGUS CA,34.41847,-118.54234
2383,758,SANTA MARIA CA,34.95167,-120.41615
2385,771,STEVENSON RANCH CA,34.38006,-118.56793
2387,772,CARSON CA,33.83137,-118.26341
2389,773,COMPTON CA,33.89625,-118.22094
2391,774,CARPINTERIA CA,34.39606,-119.51262
2393,775,SAN DIMAS CA,34.1071,-117.82468
2395,776,SAN LUIS OBISPO CA,35.26357,-120.67739
2397,777,LONG BEACH CA,33.83957,-118.18348
2399,781,SANTA BARBARA CA,34.42808,-119.71125
2401,783,SANTA CLARITA CA,34.41628,-118.46127
2403,784,CAMARILLO CA,34.2188,-119.04987
2405,791,LA VERNE CA,34.11911,-117.78062
2407,792,LOS ANGELES CA,33.98892,-118.31039
2409,823,SAN DIEGO CA,32.555,-116.9378
2411,918,HUNTINGTON BEACH CA,33.68971,-117.98828
2413,919,BARSTOW CA,34.89477,-117.00464
2415,923,CORONA CA,33.88162,-117.61191
2417,925,ONTARIO CA,34.03206,-117.59269
2419,926,PLACENTIA CA,33.87139,-117.86302
2421,938,LAGUNA NIGUEL CA,33.55513,-117.71472
2423,942,CYPRESS CA,33.83208,-118.04641
2425,951,BANNING CA,33.92527,-116.88449
2427,956,RANCHO PALOS VERDES CA,33.75123,-118.30945
2429,1255,MADISON WI,43.13015,-89.30638
2431,1284,DETROIT MI,42.33914,-83.02125
2433,1292,JOLIET IL,41.54879,-88.1253
2435,1476,AUSTIN TX,30.26524,-97.78148
2437,1554,FARMINGTON NM,36.7511,-108.15887
2439,1605,CARSON CITY NV,39.13137,-119.76966
2441,1613,LAS VEGAS NV,36.14486,-115.30109
2443,1618,HENDERSON NV,36.01675,-114.95848
2445,1701,COEUR D ALENE ID,47.69859,-116.78135
2447,1702,CHICO CA,39.72435,-121.80646
2449,1708,TRACY CA,37.75867,-121.46161
2451,1716,ROCKLIN CA,38.78038,-121.26507
2453,1719,BELMONT CA,37.52579,-122.28261
2455,1722,VISALIA CA,36.31602,-119.31422
2457,1729,WEST JORDAN UT,40.62062,-111.97966
2459,1733,IDAHO FALLS ID,43.47538,-111.98398
2461,1734,SANDY UT,40.55493,-111.89038
2463,1735,WEST VALLEY CITY UT,40.69873,-111.94699
2465,1736,LOGAN UT,41.7507,-111.83413
2467,1737,CENTERVILLE UT,40.92106,-111.88748
2469,1739,WASHINGTON UT,37.12642,-113.52273
2471,1743,RIVERDALE UT,41.17669,-112.00217
2473,1744,HOLLADAY UT,40.67253,-111.84133
2475,1745,SPRINGVILLE UT,40.1606,-111.64404
2477,1753,KENNEWICK WA,46.22635,-119.20935
2479,1754,SPOKANE WA,47.6757,-117.21031
2481,1764,LIVERMORE CA,37.69853,-121.74233
2483,1765,EMERYVILLE CA,37.83257,-122.28057
2485,1770,TWIN FALLS ID,42.59661,-114.45437
2487,1772,POCATELLO ID,42.90807,-112.46584
2491,1819,LOVELAND CO,40.40782,-104.9983
2493,1823,GREELEY CO,40.39143,-104.72512
2495,1825,CASTLE ROCK CO,39.41072,-104.86839
2497,1828,LITTLETON CO,39.58017,-105.13862
2499,1831,HIGHLANDS RANCH CO,39.54278,-104.94171
2501,1833,PARKER CO,39.5126,-104.76488
2503,1834,FORT COLLINS CO,40.52313,-105.05186
2505,1837,GRAND JUNCTION CO,39.09047,-108.60481
2507,1937,DECATUR TX,33.22948,-97.5929
2509,1948,FLOWER MOUND TX,33.019922,-97.070186
2511,2020,CAPITOL HEIGHTS MD,38.89045,-76.84972
2513,2026,PASCO WA,46.27276,-119.18402
2515,2029,LOGANVILLE GA,33.84425,-83.90786
2517,2031,OAKDALE MN,44.96391,-92.9503
2519,2046,O' FALLON IL,38.59282,-89.93792
2521,2047,EVERETT WA,47.96822,-122.20165
2523,2056,ALBANY GA,31.62451,-84.21639
2525,2057,ZION CROSSROADS VA,37.97953,-78.21408
2527,2058,SPRING LAKE NC,35.18752,-78.9846
2529,2063,LA PLATA MD,38.5561,-76.98409
2531,2068,ELLENSBURG WA,47.008136,-120.589035
2533,2071,SUPERIOR CO,39.95785,-105.17053
2535,2074,WENTZVILLE MO,38.80932,-90.87035
2537,2081,LANSING KS,39.25681,-94.89955
2539,2089,MADISON WI,43.07427,-89.43732
2541,2095,RAYTOWN MO,38.98652,-94.4638
2543,2096,EDGEWOOD MD,39.43498,-76.31976
2545,2098,GLEN CARBON IL,38.76799,-89.95664
2547,2103,ALTON IL,38.921337,-90.1765174
2549,2108,DODGE CITY KS,37.7535155,-100.03195
2551,2113,GREENBELT MD,38.993774,-76.8798
2553,2117,EMPORIA KS,38.422973,-96.21857
2555,2121,ROSEDALE MD,39.334005,-76.486775
2557,2125,HOOVER AL,33.361838,-86.827708
2559,2127,NEWARK DE,39.706493,-75.684246
2561,2129,SILVERDALE WA,47.650805,-122.69194
2563,2142,FINDLAY OH,41.05413,-83.60066
2565,2144,"Wichita, KS",37.737182,-97.46249
2567,3002,HICKORY CREEK TX,33.12889,-97.03958
2569,3004,ENNIS TX,32.33307,-96.61567
2571,3008,MONTGOMERY TX,30.35952,-95.59671
2573,3011,TERRELL TX,32.70139,-96.27779
2575,3013,GEORGETOWN TX,30.64185,-97.68915
2577,3015,CYPRESS TX,29.97385,-95.70356
2579,3019,HIGHLAND VILLAGE TX,33.0738,-97.07755
2581,3033,LAKE HAVASU CITY AZ,34.47503,-114.34816
2583,3036,KINGMAN AZ,35.22724,-114.03599
2585,3037,LAS VEGAS NV,36.19106,-115.30626
2587,3044,RAPID CITY SD,44.10813,-103.22274
2589,3045,EVANSVILLE WY,42.85614,-106.26978
2591,3046,HELENA MT,46.61428,-112.00538
2593,3049,DUARTE CA,34.13303,-117.98455
2595,3051,BOZEMAN MT,45.69625,-111.06318
2597,3053,MISSOULA MT,46.90372,-114.03849
2599,3063,FOSTER CITY CA,37.5626,-122.27058
2601,3069,CEDAR CITY UT,37.68137,-113.07579
2603,3075,KALISPELL MT,48.23859,-114.32942
2605,3077,DAWSONVILLE GA,34.35387,-84.04517
2607,3091,ROCK SPRINGS WY,41.57901,-109.24923
2609,3093,WHITTIER CA,33.94634,-117.99938
2611,3094,CITY OF INDUSTRY CA,33.99647,-117.90585
2613,3109,WILLOUGHBY OH,41.626528,-81.43903
2615,3110,YPSILANTI MI,42.23176,-83.67688
2617,3111,RENO NV,39.44144,-119.77048
2619,3122,RIVERTON UT,40.50734,-111.98121
2621,3125,PLOVER WI,44.45237,-89.52244
2623,3126,FORT OGLETHORPE GA,34.94735,-85.23137
2625,3128,SEAFORD DE,38.66417,-75.5941
2627,3130,HESPERIA CA,34.42638,-117.37491
2629,3148,FOLSOM CA,38.64552,-121.11691
2631,3169,BELLINGHAM WA,48.78994,-122.49623
2633,3170,CLEVELAND OH,41.45914,-81.6905
2635,3174,BULLHEAD CITY AZ,35.17022,-114.56566
2637,3177,COLUMBUS GA,32.55233,-84.94682
2639,3178,SPARKS NV,39.57786,-119.74
2641,3179,TULARE CA,36.22503,-119.33345
2643,3180,KNIGHTDALE NC,35.79743,-78.50546
2645,3181,APEX NC,35.74658,-78.87664
2647,3191,ATHENS GA,33.92094,-83.44187
2649,3192,OLATHE KS,38.85152,-94.81659
2651,3197,JUNCTION CITY KS,39.01462,-96.82477
2653,3216,TORRANCE CA,33.80191,-118.32862
2655,3217,HANFORD CA,36.3249,-119.65535
2657,3221,WASHINGTON DC,38.84607,-76.98265
2659,3231,PRATTVILLE AL,32.45921,-86.39867
2661,3240,BRIGHTON MI,42.54633,-83.79186
2663,3242,SUMMERVILLE SC,32.95187,-80.16058
2665,3243,HEMET CA,33.74898,-117.00612
2667,3244,LAS VEGAS NV,36.24088,-115.05793
2669,3245,DINUBA CA,36.54544,-119.40262
2671,3266,MONROE GA,33.79969,-83.74675
2673,3268,WAUSAU WI,44.932843,-89.661915
2675,3270,PEACHTREE CITY GA,33.39849,-84.59585
2677,3274,CAPITOLA CA,36.97272,-121.96516
2679,3276,COVINGTON WA,47.35838,-122.09801
2681,3290,GOLDSBORO NC,35.38007,-77.93273
2683,3294,MILPITAS CA,37.43398,-121.89333
2685,3297,BEAR DE,39.60817,-75.71042
2687,3304,EAST PEORIA IL,40.67091,-89.57885
2689,3307,CARY NC,35.76138,-78.78268
2691,3311,WEST SACRAMENTO CA,38.59004,-121.54942
2693,3312,EL CERRITO CA,37.92383,-122.31787
2695,3314,LIBERTY MO,39.24684,-94.45313
2697,3323,WALNUT CREEK CA,37.9273,-122.06118
2699,3331,RALEIGH NC,35.88192,-78.64672
2701,3342,PRINCE FREDERICK MD,38.55209,-76.59555
2703,3347,LOS ANGELES CA,34.04008,-118.4633
2705,3352,PICAYUNE MS,30.5185,-89.6656
2707,3364,BOWLING GREEN KY,36.939115,-86.419341
2709,3366,COLUMBUS GA,32.53587,-84.87748
2711,3372,BOUTTE LA,29.89112,-90.40784
2713,3377,OVERLAND PARK KS,38.96407,-94.66752
2715,3411,SULPHUR SPRINGS TX,33.1195545,-95.594968
2717,3412,LINDALE TX,32.469101,-95.387717
2719,3427,NASHVILLE TN,36.15087,-86.80495
2721,3439,LUMBERTON NC,34.658746,-79.008806
2723,3440,PUYALLUP WA,47.13497,-122.29247
2725,3443,ELIZABETHTOWN KY,37.7406493,-85.8903667
2727,3454,DEMING NM,32.269582,-107.74987
2729,3458,PORT HUENEME CA,34.176093,-119.22119
2731,3466,RICHMOND KY,37.736814,-84.325856
2733,3502,CLARKSVILLE TN,36.51444,-87.315994
2735,3513,CAPE GIRARDEAU MO,37.304073,-89.554564
2737,3514,"Caon City, CO",38.447649,-105.1818
2739,3563,LIBERAL KS,37.068773,-100.922102
2741,3565,HAMMOND IN,41.692705,-87.519765
2743,3604,"Olney, MD",39.1535,-77.0633
2745,4409,GAINESVILLE GA,34.29653,-83.82876
2747,4419,CUMMING GA,34.18123,-84.13136
2749,4421,N. CHARLESTON SC,32.93357,-80.0493
2751,4430,ROCK HILL SC,34.97687,-80.98345
2753,4434,GARNER NC,35.72162,-78.64207
2755,4446,SUMMERVILLE SC,33.03525,-80.15786
2757,4471,COLLIERVILLE TN,35.04592,-89.69756
2759,4473,COOKEVILLE TN,36.13867,-85.50622
2761,4479,BUFORD GA,34.09114,-84.00055
2763,4500,CHARLOTTE NC,35.30417,-80.75017
2765,4504,CLINTON MD,38.76875,-76.8865
2767,4507,CHESTER VA,37.35971,-77.41566
2769,4509,SPRINGFIELD VA,38.76382,-77.15305
2773,4619,BROOKLYN NY,40.62625,-73.91758
2775,4780,DOVER DE,39.15767,-75.5086
2777,5315,LIVONIA MI,42.3859,-83.33323
2779,5317,O' FALLON MO,38.78239,-90.69922
2781,5324,SAINT LOUIS MO,38.76871,-90.26351
2783,5328,SAINT PETERS MO,38.79156,-90.56213
2785,5412,PEORIA IL,40.749,-89.63331
2787,5420,DUBUQUE IA,42.50263,-90.72183
2789,5421,CEDAR RAPIDS IA,41.95321,-91.71552
2791,5422,BROWN DEER WI,43.17737,-88.01036
2793,5428,GREEN BAY WI,44.4856,-88.06727
2795,5430,LIMA OH,40.76939,-84.16434
2797,5438,ANKENY IA,41.70625,-93.58177
2801,5450,PERRYSBURG OH,41.54436,-83.59079
2803,5455,OSHKOSH WI,44.00603,-88.58149
2805,5462,BEDFORD OH,41.40816,-81.52537
2807,5504,WARREN OH,41.21657,-80.74116
2809,5505,AVON OH,41.46105,-82.01423
2811,5506,BOARDMAN OH,41.02383,-80.63821
2813,5507,ELYRIA OH,41.38856,-82.10491
2815,5510,CLEVELAND OH,41.41886,-81.76074
2817,360050,ORMOND BEACH FL,29.28717,-81.03831
2819,360059,COCOA BEACH FL,28.35412,-80.60897
2821,360067,POMPANO BEACH FL,26.21328,-80.15661
2823,360071,ST. PETE BEACH FL,27.72464,-82.74075
2825,360077,KISSIMMEE FL,28.33235,-81.49108
2827,360081,ORLANDO FL,28.53347,-81.31007
2829,360083,STUART FL,27.18557,-80.24381
2831,360089,PUNTA GORDA FL,26.92489,-82.04768
2833,360097,SARASOTA FL,27.34834,-82.53079
2837,360123,OCALA FL,29.1772,-82.14072
2839,360128,SEBRING FL,27.48923,-81.48229
2841,360139,ORLANDO FL,28.60612,-81.40135
2843,360145,MIAMI FL,25.5911,-80.35862
2845,360150,NORTH FORT MYERS FL,26.65871,-81.88368
2847,360152,BONITA SPRINGS FL,26.34437,-81.80661
2849,360153,PEMBROKE PINES FL,26.00918,-80.39211
2853,360166,KENDALL FL,25.72891,-80.43008
2855,360169,SPRINGHILL FL,28.48639,-82.60296
2857,360171,WEST PALM BEACH FL,26.70351,-80.11087
2861,360177,SANFORD FL,28.76734,-81.28275
2863,360178,DEBARY FL,28.87169,-81.28615
2865,360179,ST. AUGUSTINE FL,29.92066,-81.41489
2867,360181,FLEMING ISLAND FL,30.09696,-81.70794
2869,360194,OCALA FL,29.06099,-82.27501
2871,360196,STARKE FL,29.93281,-82.11568
2873,360198,KINGSLAND GA,30.79186,-81.66581
2875,360201,THE VILLAGES FL,28.92769,-82.01453
2877,360203,ST. CLOUD FL,28.25038,-81.31296
2879,360210,DELRAY BEACH FL,26.44246,-80.07009
2881,360212,CLEARWATER FL,28.04707,-82.73906
2883,360216,SANFORD FL,28.8106,-81.33621
2885,360217,NORTH MIAMI FL,25.89478,-80.16175
2887,360220,EUSTIS FL,28.82281,-81.68554
2889,360224,ORLANDO FL,28.456647,-81.311177
2891,360226,THOMASVILLE GA,30.836791,-83.942004
2893,447,HATTIESBURG MS,31.32444,-89.33335
2895,506,TAKOMA PARK MD,38.98406,-76.98785
2897,522,WHEATON MD,39.04085,-77.05282
2899,659,FRESNO CA,36.80859,-119.85397
2903,1399,MESQUITE TX,32.76868,-96.62538
2905,1406,WICHITA FALLS TX,33.90541,-98.4979
2907,1410,EULESS TX,32.83676,-97.12065
2909,1465,FORT WORTH TX,32.68222,-97.41251
2911,1481,SHREVEPORT LA,32.45017,-93.86159
2913,1901,WAXAHACHIE TX,32.41857,-96.84002
2915,2010,FREDERICK MD,39.3765,-77.41283
2917,2015,NEWPORT NEWS VA,37.15246,-76.55507
2919,3333,DEKALB IL,41.93244,-88.77358
2921,3476,CANTON MI,42.325063,-83.477742
2925,3598,"MISSOURI CITY, TX",29.5384,-95.5316
2927,5622,NORFOLK NE,42.01130295,-97.42761993
2929,5623,OKMULGEE OK,35.63592911,-95.96276093
2931,5627,"Circleville, OH",39.55692673,-82.95828247
2933,5628,GREENUP IL,39.25304413,-88.15216064
2935,5632,"S. Jacksonville (Nt), IL",39.72299957,-90.16729736
2937,5634,"Lexington, VA",37.830193,-79.376946
2939,360186,PLANTATION FL,26.12144,-80.20154
2965,560,NEW CASTLE DE,39.67243,-75.59706
2967,586,WARRINGTON PA,40.21586,-75.14012
2969,691,MADERA CA,36.9751,-120.08352
2971,769,FILLMORE CA,34.39586,-118.91846
2973,1651,KAHULUI  MAUI HI,20.892095,-156.46512
2975,1706,GRASS VALLEY CA,39.20202,-121.06249
2977,1829,CHEYENNE WY,41.16061,-104.79343
2979,2054,OZONE PARK NY,40.68132,-73.84127
2981,2146,"Delano, CA",35.747172,-119.249928
2983,2147,"Catonsville, MD",39.2893,-76.7231
2985,2150,"Taos, NM",36.389,-105.584
2987,3105,SHELBY NC,35.27444,-81.53102
2989,3262,NEW CARROLLTON MD,38.9589,-76.86844
2995,3535,HALETHORPE MD,39.2504,-76.6685
2997,3556,"Owings Mills, MD",39.424983,-76.779139
2999,3584,"Aurora, CO",39.7401,-104.8283
3001,3591,"Detroit, MI (Millender Center IHOP)",42.330536,-83.041684
3003,3592,"Jackson, MI",42.264032,-84.422875
3005,3605,"Eldersburg, MD",39.4096,-76.9495
3007,3608,"Honolulu, Hawaii",21.335565,157.914496
3009,3613,"Glen Mills, PA",39.883586,-75.527781
3011,3614,"Wilkes Barre, PA",41.250597,-75.843113
3013,3620,"King George, VA",38.34978,-77.05781
3015,3624,PAYSON UT,40.0324,-111.7546
3017,3626,"Exton, PA",40.02349,-75.65035
3019,3628,"Santa Ana, CA",33.715007,-117.885138
3021,3631,"Riverhead, NY",40.926,-72.6958
3023,3644,"Ewa Beach, HI",21.334176,-158.024491
3025,4000,IHOP,43.088756,-79.122233
3027,4001,IHOP,43.081905,-79.082897
3029,4002,IHOP,43.087153,-79.085098
3031,4004,IHOP,53.474385,-113.494336
3033,4005,IHOP,49.674181,-112.801642
3035,4006,IHOP,50.904662,-114.065796
3037,4007,IHOP,53.614576,-113.541854
3039,4008,IHOP,43.091758,-79.075063
3041,4009,IHOP,43.084795,-79.083443
3043,4012,IHOP,50.00432,-110.643751
3045,4014,IHOP,53.423237,-113.420042
3047,4633,HUNTINGTON STATION NY,40.81904,-73.41269
3049,4634,BRONX NY,40.88995,-73.81942
3051,5425,DAVENPORT IA,41.57441,-90.52912
3053,5431,BROOKLYN CENTER MN,45.05747,-93.32208
3055,5501,PHILADELPHIA PA,39.99218,-75.09995
3057,5601,WOODHAVEN MI,42.13708,-83.23944
3061,5608,RICHMOND VA,37.54892,-77.45033
3063,5617,WHITE HOUSE TN,36.46900177,-86.68299866
3065,5618,SIDNEY NE,41.109434,-102.950365
3067,5620,RICHARDSON TX,32.99045,-96.750354
3069,5624,BLYTHEVILLE AR,35.885917,-89.917812
3071,5625,SKIPPERS VA,36.604788,-77.562911
3073,5626,DALLAS TX,32.890359,-97.036623
3075,5630,"Davis, OK",34.509153,-97.172772
3083,9206,DUBAI,25.258168,55.304716
3087,9234,"Jeddah, KSA",21.627773,39.111186
3089,9241,"Riyadh, Saudi Arabia",24.74373,46.657713
3091,9242,"Riyadh, Saudi Arabia",24.783963,46.699716
3095,360233,"Palm Coast, FL",29.54926,-81.23002
3097,360235,"Lake Wales, FL",27.96138,-81.622932
3099,496,LEESBURG VA,39.11499,-77.53886
3101,580,STERLING VA,39.01757,-77.37597
3103,1447,GALVESTON TX,29.27119,-94.81943
3105,1491,JONESBORO AR,35.81527,-90.67845
3107,1933,NORTH LITTLE ROCK AR,34.79347,-92.22294
3109,1938,EL PASO TX,31.72668,-106.30337
3111,1943,CONWAY AR,35.10906,-92.44133
3113,1944,LITTLE ROCK AR,34.74661,-92.40333
3115,2106,D'IBERVILLE MS,30.45559,-88.88674
3117,3067,FAYETTEVILLE AR,36.07788,-94.2043
3119,3119,METAIRIE LA,29.99649,-90.15929
3121,3138,SACRAMENTO CA,38.65454,-121.52758
3123,3275,SPRINGFIELD IL,39.75672,-89.73058
3125,3362,CARLSBAD NM,32.39137,-104.22036
3127,3379,PORTLAND TX,27.892138,-97.309642
3129,3460,GAMBRILLS MD,39.03934,-76.673187
3131,3596,"Lexington, KY",38.004744,-84.519681
3133,4426,MEMPHIS TN,35.13491,-89.99295
3135,5410,URBANDALE IA,41.62974,-93.70385
3137,5513,CINCINNATI OH,39.07307,-84.35146
3139,5514,MILFORD OH,39.18784,-84.25938
3141,5516,FOREST PARK OH,39.302,-84.52491
3143,5518,WEST CHESTER OH,39.35407,-84.36523
3145,5520,FLORENCE KY,39.00936,-84.64924
3147,5521,CINCINNATI OH,39.24507,-84.59478
3149,5614,"ATLANTA, GA",33.641086,-84.444526
3151,360031,KEY WEST FL,24.57127,-81.76253
3153,360043,DAYTONA BEACH FL,29.23353,-81.01171
3155,360054,HOMESTEAD FL,25.46632,-80.47381
3157,360080,FT. LAUDERDALE FL,26.10596,-80.1373
3161,360130,MIAMI FL,25.6866,-80.40101
3163,360165,WILDWOOD FL,28.87422,-82.09776
3165,436,LITTLE ROCK AR,34.75244,-92.34082
3167,555,NOTTINGHAM MD,39.37359,-76.50911
3169,694,SACRAMENTO CA,38.66125,-121.35136
3171,954,HUNTINGTON BEACH CA,33.65866,-118.00023
3173,1707,ELK GROVE CA,38.42497,-121.39147
3175,1726,SACRAMENTO CA,38.55872,-121.33569
3177,1760,SACRAMENTO CA,38.48165,-121.50454
3179,1814,ARVADA CO,39.79276,-105.07972
3183,3073,BRIGHTON CO,39.9706,-104.8179
3185,3078,REHOBOTH BEACH DE,38.71641,-75.11131
3187,3090,SEARCY AR,35.24937,-91.68706
3189,3121,BENTON AR,34.58234,-92.57468
3191,3129,ASHBURN VA,39.022163,-77.478577
3193,3193,RUSSELLVILLE AR,35.30266,-93.13148
3195,3260,BRYANT AR,34.62143,-92.50056
3197,3278,WESTMINSTER MD,39.58973,-77.01095
3199,3281,WINCHESTER VA,39.19186,-78.20668
3201,3318,NORTH LITTLE ROCK AR,34.82737,-92.38764
3203,3384,FREDERICK MD,39.4071511,-77.104457
3205,3436,MOUNT AIRY MD,39.367672,-77.144921
3207,3463,BEL AIR MD,39.526986,-76.353345
3209,3578,"Charleston, SC",32.780626,-79.92746
3211,4013,IHOP,53.554668,-113.614538
3213,4015,IHOP,53.513165,-113.321786
3215,4016,IHOP,49.842603,-97.211266
3217,4017,IHOP,43.110502,-79.060652
3219,4018,IHOP,43.078822,-79.081896
3221,4490,MOBILE AL,30.59763,-88.16635
3223,5434,GRAND CHUTE WI,44.27271,-88.46765
3225,5519,CINCINNATI OH,39.19936,-84.37618
3227,5522,MASON OH,39.31097,-84.31455
3229,5631,"Thackerville, OK",33.757806,-97.132036
3237,9231,Saudi Arabia,24.752463,46.625475
3241,360035,DAYTONA BEACH FL,29.1954,-80.99308
3243,360036,"3600 MARATHON, FL",24.71804,-81.06753
3245,360053,CASSELBERRY FL,28.65247,-81.32884
3247,360100,PENSACOLA FL,30.48871,-87.26026
3249,360109,FT. WALTON BEACH FL,30.40713,-86.63863
3251,360125,PALM BAY FL,27.99915,-80.63759
3257,360137,OVIEDO FL,28.6518,-81.20648
3259,360149,DESTIN FL,30.37986,-86.35589
3261,360159,ORLANDO FL,28.45432,-81.39927
3263,360200,VENICE FL,27.0503,-82.3878
3265,3622,"Blue Springs, MO",39.025894,-94.247553
3267,3627,"Berlin, MD",38.34315,-75.163444
3269,3639,"Lake Stevens, WA",48.0055,-122.1075
3271,3656,"Cabot, AR",34.977426,-92.038032
3273,360238,"Jacksonville, FL",30.286291,-81.459525
3275,1756,SPOKANE WA,47.65748,-117.33153
3277,3255,SOUTH BURLINGTON VT,44.46569,-73.18315
3279,1489,HUNTSVILLE TX,30.71885,-95.57254
3281,1839,SIOUX FALLS SD,43.5153,-96.78229
3283,3557,EAST PROVIDENCE RI,41.805013,-71.340738
3285,3207,PROVIDENCE RI,41.82981,-71.42619
3287,3340,WARWICK RI,41.73231,-71.43609
3289,4701,MIDDLETOWN RI,41.51005,-71.30162
3301,3176,TOTOWA NJ,40.89345,-74.23206
3303,4672,TOMS RIVER NJ,39.96351,-74.18577
3305,4684,EAST BRUNSWICK NJ,40.4243,-74.37868
3307,4782,PISCATAWAY NJ,40.55109,-74.43794
3309,2041,HACKETTSTOWN NJ,40.84138,-74.82418
3311,2138,VINELAND NJ,39.48906,-75.067982
3313,2143,FLEMINGTON NJ,40.507695,-74.844444
3315,3136,BOONTON NJ,40.90847,-74.40088
3317,3249,TOMS RIVER NJ,39.97286,-74.24236
3319,4601,EDISON NJ,40.5483,-74.3332
3321,4605,TEANECK NJ,40.89057,-74.02708
3323,4652,CHERRY HILL NJ,39.94389,-75.02082
3325,4661,UNION NJ,40.68914,-74.30471
3327,4667,HASBROUCK HEIGHTS NJ,40.85276,-74.07366
3329,4671,UNION CITY NJ,40.77469,-74.03322
3331,4681,RAMSEY NJ,41.05558,-74.12105
3333,4690,MORGANVILLE NJ,40.36234,-74.30396
3335,4697,MANAHAWKIN NJ,39.6992,-74.26893
3337,4699,MAYS LANDING NJ,39.45339,-74.65164
3339,4776,NEPTUNE NJ,40.2259,-74.04297
3341,5616,PATERSON NJ,40.915029,-74.172117
3343,2055,IRVINGTON NJ,40.72509,-74.23913
3345,4694,KEYPORT NJ,40.42569,-74.19895
3347,2017,BRICK NJ,40.06914,-74.13191
3349,2051,FRANKLIN PARK NJ,40.4377,-74.53832
3351,2082,ELIZABETH NJ,40.66299,-74.175
3353,3386,HOWELL NJ,40.135684,-74.224246
3355,4602,ELIZABETH NJ,40.67339,-74.21302
3357,4622,BLOOMFIELD NJ,40.79223,-74.19725
3359,4630,ENGLEWOOD NJ,40.89805,-73.97143
3361,4670,HILLSBOROUGH NJ,40.52237,-74.62939
3363,4674,CLIFTON NJ,40.8355,-74.14957
3365,4675,W. BERLIN NJ,39.80884,-74.93042
3367,4677,BLOOMFIELD NJ,40.82958,-74.18504
3369,4685,PARSIPPANY NJ,40.863501,-74.374469
3371,4686,JERSEY CITY NJ,40.72287,-74.09073
3373,4692,N. PLAINFIELD NJ,40.61554,-74.45399
3375,4693,SOMERSET NJ,40.51169,-74.48473
3377,4696,NEWARK NJ,40.74174,-74.19225
3379,4779,KENVIL NJ,40.87891,-74.63492
3381,2083,BURLINGTON NJ,40.03417,-74.82332
3383,3595,"Cedar Knolls, NJ",40.8083,-74.4621
3385,2085,HAMILTON NJ,40.22971,-74.67625
3387,2128,WILLIAMSTOWN NJ,39.72164,-75.020213
3389,4603,"4603 FAIR LAWN, NJ",40.92621,-74.09927
3391,4614,TRENTON NJ,40.2517,-74.78967
3393,3329,NASHUA NH,42.71166,-71.44075
3395,3501,ROCHESTER NH,43.293037,-70.996928
3397,3504,SEABROOK NH,42.892422,-70.869627
3399,4766,SALEM NH,42.74185,-71.19898
3401,4768,NEWINGTON NH,43.09558,-70.79691
3403,3328,BEDFORD NH,42.94227,-71.47313
3405,3453,CHARLOTTE NC,35.063698,-80.773412
3407,4405,GASTONIA NC,35.26586,-81.13287
3409,4469,TUPELO MS,34.31076,-88.70738
3411,3068,PORTAGE MI,42.23965,-85.5889
3413,1233,ROYAL OAK MI,42.50486,-83.17287
3415,5322,BLOOMFIELD HILLS MI,42.60662,-83.29619
3417,2019,PORTLAND ME,43.63979,-70.3347
3419,3534,AUBURN ME,44.1187,-70.2319
3421,3566,AUGUSTA ME,44.343886,-69.79607
3423,3652,"Saco, ME",43.5091,-70.4344
3425,2075,WEST SPRINGFIELD MA,42.1232,-72.6263
3427,3348,PLYMOUTH MA,41.93051,-70.65777
3429,4720,SHREWSBURY MA,42.27402,-71.75148
3431,4767,TEWKSBURY MA,42.62548,-71.26863
3433,4725,BRIGHTON MA,42.35871,-71.15725
3435,4732,REVERE MA,42.42303,-71.00794
3437,2012,NORTH DARTMOUTH MA,41.64553,-70.98668
3439,3116,RAYNHAM MA,41.90504,-71.05641
3441,3151,CAMBRIDGE MA,42.37206,-71.12154
3443,3206,SALEM MA,42.50232,-70.924
3445,3298,DEDHAM MA,42.25649,-71.16987
3447,3375,BROCKTON MA,42.09531,-71.05445
3449,3385,ATTLEBORO MA,41.91869,-71.35945
3451,3426,NORTHBOROUGH MA,42.28797,-71.6728
3453,4689,NORWOOD MA,42.16611,-71.1979
3455,4743,HYANNIS MA,41.6701,-70.29733
3457,4765,SAUGUS MA,42.49413,-71.01506
3459,4781,QUINCY MA,42.24642,-71.00327
3461,3580,"Framingham, MA",42.301058,-71.433815
3463,3590,"Springfield, MA",42.0946,-72.5011
3465,4461,STATESBORO GA,32.43353,-81.75591
3467,2066,WALLINGFORD CT,41.49319,-72.80877
3469,2080,HAMDEN CT,41.37635,-72.91606
3471,2086,WATERBURY CT,41.54954,-73.02603
3473,3482,SOUTHINGTON CT,41.640607,-72.873395
3475,4617,STAMFORD CT,41.06778,-73.54762
3477,4770,ORANGE CT,41.25568,-73.01433
3479,3156,BLOOMFIELD CT,41.8172,-72.71396
3481,3477,MANCHESTER CT,41.814434,-72.527332
3483,4769,NEWINGTON CT,41.65849,-72.72314
3485,642,REDDING CA,40.57238,-122.35769
3487,9218,Ras Al Khaimah,25.683019,55.781663
7547,9209,DOHA,25.279316,51.522448
7549,9210,MAHBOULAH,29.148123,48.128303
7825,3669,"Middleton, Wisconsin",43.09753,-89.52073
7833,3646,"Flowood, MS",32.345119,-90.051877
7835,2151,"Waukee, IA",41.615,-93.8529
7837,3589,"Spartanburg, SC",34.973035,-81.882305
7851,3640,"Lincoln, RI",41.936037,-71.475386
7853,3642,"Baltimore, MD",39.287,-76.6071
7855,3641,"Merriam, KS",39.023304,-94.687222
7857,3636,"Hinesville, GA",31.8221,-81.5993
7859,3583,"Inglewood, CA",33.945519,-118.353381
7863,3673,"Lincoln, NE",40.81391,-96.63234
7865,3615,"Mount Juliet, TN",36.177858,-86.517012
7867,3667,"Milford, MA",42.1491,-71.5001
7869,3662,"New Orleans, LA",29.9644,-90.1108
7871,3544,"San Antonio, TX",29.423563,-98.485348
7873,3619,"West Des Moines, IA",41.5609,-93.7724
7875,3629,"Watertown, NY",43.977281,-75.947421
7877,3630,"San Jose, CA",37.302021,-121.864371
7879,3643,"Phoenix, AZ",33.5092,-112.0444
7881,3650,"DALLAS, TX",32.812253,-96.730548
7883,3663,"Athens, OH",39.336804,-82.055696
7885,3670,"Palmdale, CA",34.57463,-118.04575
7887,3645,"Maricopa, AZ",33.0655,-112.0471
7889,3390,"Phoenix, AZ",33.639428,-112.148909
7891,3654,"Phillipsburg, NJ",40.6747,-75.1393
7893,3,LOS ANGELES CA,34.00812,-118.33622
7895,3649,"DENTON, TX",33.22307,-97.170714
7897,5638,"Oakley, KS",39.118753,-110.810725
7899,3648,"AUSTIN, TX",30.206563,-97.975722
7903,5063,Playa del Carmen,20.652277,-87.053143
7905,3655,"North Brunswick, NJ",40.4582,-74.4749
7909,30017,3017 Alaska Test Lab,58.588371,-134.727829
7911,5619,"Williams, CA",39.162055,-122.137985
7915,3623,"HOUSTON, TX",29.836786,-95.486135
7919,3651,"COLLEGE STATION, TX",30.56186,-96.262493
7921,5639,"WHITE HAVEN, PA",41.05542,-75.771563
7987,3653,"Sherwood, OR",45.3654,-122.8507
8057,301,IHOP,49.2318223,-122.8942472
8059,304,IHOP,49.1644718,-123.1360762
8061,306,IHOP,49.0505534,-122.3089791
8063,307,IHOP,49.1100289,-122.6767428
8065,308,IHOP,49.273705,-122.7885834
8067,309,IHOP,49.0460596,-122.8016875
8069,310,IHOP,49.8827633,-119.4508327
8071,311,IHOP,49.2256441,-122.9900161
8073,312,IHOP,49.1520506,-122.8899168
8075,316,IHOP,49.2515572,-122.8967141
8077,317,IHOP,49.263169,-123.1255685
8079,318,IHOP,49.1473678,-121.9647569
8097,3674,"Draper, UT",40.528,-111.8569
8099,3693,"Braintree, MA",,
8107,360241,"Melbourne, FL",28.229718,-80.711434
8115,360232,"Miami, FL",25.76043,-80.367965
8117,3691,"Wall Township, NJ",40.1494,-74.0578
8119,360243,"Alafaya, FL",28.5371767,-81.208794
8121,3660,Colonnade,29.5336082,-98.563278
8127,3658,"Overland Park, KS",38.855,-94.6846
8135,3661,"Cincinnati, OH",39.152,-84.6283
8137,360240,"Apopka, FL",28.68463,-81.53225
8173,2,PANORAMA CITY CA,34.22622,-118.45039
8175,5,"Hollywood, CA",34.09782,-118.34176
